snapshot,family,graph_id,layers,edges,with_2q,without_2q,with_depth,without_depth,with_seconds,without_seconds,order_seconds,with_mode,without_mode,with_route_checks,without_route_checks,peak_rss_mib
fake_brisbane,medium50,99600,1,248,1241,1241,84,84,1.6926414000045042,0.5388796999759506,0.15189949999330565,v2_rust_medium32_line_search,v2_rust_medium32_line_search,2,2,200.83984375
fake_brisbane,medium50,99600,2,248,2662,2662,178,178,1.9672353000205476,0.9879067000001669,0.1518701000022702,v2_rust_medium32_line_search,v2_rust_medium32_line_search,2,2,233.66015625
fake_brisbane,medium50,99601,1,248,1257,1257,86,86,1.5981282999855466,0.544323699985398,0.1519819999812171,v2_rust_medium32_line_search,v2_rust_medium32_line_search,2,2,243.24609375
fake_brisbane,medium50,99601,2,248,2674,2674,184,184,2.0362750999920536,0.9615225000015926,0.15187480000895448,v2_rust_medium32_line_search,v2_rust_medium32_line_search,2,2,254.72265625
fake_brisbane,medium50,99602,1,248,1281,1281,89,89,1.641098599997349,0.5462933999951929,0.15368950000265613,v2_rust_medium32_line_search,v2_rust_medium32_line_search,2,2,254.72265625
fake_brisbane,medium50,99602,2,248,2466,2466,176,176,1.9454985999909695,0.9190918999956921,0.15322559999185614,v2_rust_medium32_line_search,v2_rust_medium32_line_search,2,2,257.3671875
fake_brisbane,medium50,99603,1,248,1285,1285,89,89,1.5872753000003286,0.5027668999973685,0.15360150000196882,v2_rust_medium32_line_search,v2_rust_medium32_line_search,2,2,257.3671875
fake_brisbane,medium50,99603,2,248,2460,2460,172,172,1.951999099983368,0.896521099988604,0.1531564999895636,v2_rust_medium32_line_search,v2_rust_medium32_line_search,2,2,258.3671875
fake_brisbane,medium50,99604,1,248,1295,1295,87,87,1.5592643000127282,0.582535800000187,0.15358589999959804,v2_rust_medium32_line_search,v2_rust_medium32_line_search,2,2,262.4765625
fake_brisbane,medium50,99604,2,248,2514,2514,170,170,1.9714069000037853,0.8417672000068706,0.15316660000826232,v2_rust_medium32_line_search,v2_rust_medium32_line_search,2,2,262.4765625
fake_brisbane,dense75,99600,1,372,1396,1396,97,97,1.6660257000185084,0.5795523999840952,0.1528212999983225,v2_rust_dense_line_search,v2_rust_dense_line_search,2,2,262.4765625
fake_brisbane,dense75,99600,2,372,2686,2686,190,190,2.1345508999947924,0.9779706000117585,0.15270130001590587,v2_rust_dense_line_search,v2_rust_dense_line_search,2,2,268.41015625
fake_brisbane,dense75,99601,1,372,1390,1390,97,97,1.6196588000457268,0.6374502000107896,0.1528048000182025,v2_rust_dense_line_search,v2_rust_dense_line_search,2,2,268.41015625
fake_brisbane,dense75,99601,2,372,2680,2680,186,186,2.1696892000036314,0.9852974000095855,0.1531781000085175,v2_rust_dense_line_search,v2_rust_dense_line_search,2,2,270.1796875
fake_brisbane,dense75,99602,1,372,1390,1390,99,99,1.634343900019303,0.6593271000310779,0.15319410001393408,v2_rust_dense_line_search,v2_rust_dense_line_search,2,2,270.1796875
fake_brisbane,dense75,99602,2,372,2692,2692,188,188,2.1460150000057183,1.0126372000086121,0.1536363000050187,v2_rust_dense_line_search,v2_rust_dense_line_search,2,2,271.13671875
fake_brisbane,dense75,99603,1,372,1392,1392,95,95,1.7016199999779928,0.5839834999933373,0.15313949997653253,v2_rust_dense_line_search,v2_rust_dense_line_search,2,2,271.13671875
fake_brisbane,dense75,99603,2,372,2684,2684,184,184,2.19885649997741,1.0357910000020638,0.153142499999376,v2_rust_dense_line_search,v2_rust_dense_line_search,2,2,271.13671875
fake_brisbane,dense75,99604,1,372,1390,1390,99,99,1.6146498999733012,0.6464467000041623,0.15385229999083094,v2_rust_dense_line_search,v2_rust_dense_line_search,2,2,271.13671875
fake_brisbane,dense75,99604,2,372,2692,2692,192,192,2.1013040999823716,1.1170612999994773,0.15309929999057204,v2_rust_dense_line_search,v2_rust_dense_line_search,2,2,271.4375
fake_kyiv,medium50,99600,1,248,1241,1241,84,84,1.675446400011424,0.5722160000004806,0.15369460001238622,v2_rust_medium32_line_search,v2_rust_medium32_line_search,2,2,271.4375
fake_kyiv,medium50,99600,2,248,2662,2662,178,178,1.9942809999920428,0.9857664000010118,0.15185729999211617,v2_rust_medium32_line_search,v2_rust_medium32_line_search,2,2,271.4375
fake_kyiv,medium50,99601,1,248,1257,1257,86,86,1.6562045000027865,0.5528723000024911,0.15226410000468604,v2_rust_medium32_line_search,v2_rust_medium32_line_search,2,2,271.4375
fake_kyiv,medium50,99601,2,248,2674,2674,184,184,2.049331100017298,1.0427894000313245,0.15290280000772327,v2_rust_medium32_line_search,v2_rust_medium32_line_search,2,2,271.4375
fake_kyiv,medium50,99602,1,248,1281,1281,89,89,1.6524161999986973,0.6384574999974575,0.15219860000070184,v2_rust_medium32_line_search,v2_rust_medium32_line_search,2,2,271.4375
fake_kyiv,medium50,99602,2,248,2466,2466,176,176,2.1040409000124782,0.920003999985056,0.15371959999902174,v2_rust_medium32_line_search,v2_rust_medium32_line_search,2,2,274.90234375
fake_kyiv,medium50,99603,1,248,1285,1285,89,89,1.6620804000122007,0.5335955999908037,0.15228260000003502,v2_rust_medium32_line_search,v2_rust_medium32_line_search,2,2,274.90234375
fake_kyiv,medium50,99603,2,248,2488,2488,172,172,2.068991599982837,0.9493939999956638,0.15194049998535775,v2_rust_medium32_line_search,v2_rust_medium32_line_search,2,2,274.90234375
fake_kyiv,medium50,99604,1,248,1295,1295,87,87,1.655697100010002,0.5626658000110183,0.15429350000340492,v2_rust_medium32_line_search,v2_rust_medium32_line_search,2,2,274.90234375
fake_kyiv,medium50,99604,2,248,2514,2514,170,170,2.057764800003497,0.9893231999885757,0.1519036999961827,v2_rust_medium32_line_search,v2_rust_medium32_line_search,2,2,274.90234375
fake_kyiv,dense75,99600,1,372,1396,1396,97,97,1.689433400024427,0.781430500006536,0.1529692000185605,v2_rust_dense_line_search,v2_rust_dense_line_search,2,2,274.90234375
fake_kyiv,dense75,99600,2,372,2686,2686,190,190,2.1661149999999907,1.1362310000113212,0.1531085000024177,v2_rust_dense_line_search,v2_rust_dense_line_search,2,2,279.19140625
fake_kyiv,dense75,99601,1,372,1390,1390,97,97,1.6629166000057012,0.6814965000085067,0.15315940001164563,v2_rust_dense_line_search,v2_rust_dense_line_search,2,2,279.19140625
fake_kyiv,dense75,99601,2,372,2694,2694,186,186,2.2080651000142097,1.0597465999890119,0.1528251999989152,v2_rust_dense_line_search,v2_rust_dense_line_search,2,2,279.19140625
fake_kyiv,dense75,99602,1,372,1400,1400,97,97,1.8270837999880314,0.6408846999984235,0.1528522000007797,v2_rust_dense_line_search,v2_rust_dense_line_search,2,2,279.19140625
fake_kyiv,dense75,99602,2,372,2692,2692,188,188,2.1685755999933463,1.093946999986656,0.15270720000262372,v2_rust_dense_line_search,v2_rust_dense_line_search,2,2,279.19140625
fake_kyiv,dense75,99603,1,372,1392,1392,95,95,1.6445918999961577,0.6699377999757417,0.1531457999954,v2_rust_dense_line_search,v2_rust_dense_line_search,2,2,279.19140625
fake_kyiv,dense75,99603,2,372,2684,2684,184,184,2.1979150000261143,1.1523411000380293,0.1529385000176262,v2_rust_dense_line_search,v2_rust_dense_line_search,2,2,284.60546875
fake_kyiv,dense75,99604,1,372,1390,1390,99,99,1.6493034999875817,0.6229759000125341,0.15306579999742098,v2_rust_dense_line_search,v2_rust_dense_line_search,2,2,284.60546875
fake_kyiv,dense75,99604,2,372,2692,2692,192,192,2.163220899994485,1.1148918000108097,0.15341780000017025,v2_rust_dense_line_search,v2_rust_dense_line_search,2,2,284.60546875
fake_sherbrooke,medium50,99600,1,248,1241,1241,84,84,1.6894152000022586,0.5330291999853216,0.15316479999455623,v2_rust_medium32_line_search,v2_rust_medium32_line_search,2,2,284.60546875
fake_sherbrooke,medium50,99600,2,248,2662,2662,178,178,2.0879006999894045,1.0536564999783877,0.15291509998496622,v2_rust_medium32_line_search,v2_rust_medium32_line_search,2,2,284.60546875
fake_sherbrooke,medium50,99601,1,248,1257,1257,86,86,1.6472463000100106,0.6275588000135031,0.15354700002353638,v2_rust_medium32_line_search,v2_rust_medium32_line_search,2,2,284.60546875
fake_sherbrooke,medium50,99601,2,248,2674,2674,184,184,2.129367600020487,0.9723671000392642,0.15260560001479462,v2_rust_medium32_line_search,v2_rust_medium32_line_search,2,2,284.60546875
fake_sherbrooke,medium50,99602,1,248,1281,1281,89,89,1.6771914999990258,0.582184300001245,0.15244000000529923,v2_rust_medium32_line_search,v2_rust_medium32_line_search,2,2,284.60546875
fake_sherbrooke,medium50,99602,2,248,2466,2466,176,176,2.0516876000037882,0.9817554000183009,0.1530553000047803,v2_rust_medium32_line_search,v2_rust_medium32_line_search,2,2,284.60546875
fake_sherbrooke,medium50,99603,1,248,1285,1285,89,89,1.6281916999723762,0.6029195000010077,0.15359669999452308,v2_rust_medium32_line_search,v2_rust_medium32_line_search,2,2,284.60546875
fake_sherbrooke,medium50,99603,2,248,2460,2460,172,172,2.0183422000263818,1.0050282999873161,0.15187420000438578,v2_rust_medium32_line_search,v2_rust_medium32_line_search,2,2,284.60546875
fake_sherbrooke,medium50,99604,1,248,1295,1295,87,87,1.5786873000033665,0.5434518000110984,0.15362510000704788,v2_rust_medium32_line_search,v2_rust_medium32_line_search,2,2,284.60546875
fake_sherbrooke,medium50,99604,2,248,2514,2514,170,170,2.020488899986958,0.9544584000250325,0.15368620000663213,v2_rust_medium32_line_search,v2_rust_medium32_line_search,2,2,284.875
fake_sherbrooke,dense75,99600,1,372,1396,1396,97,97,1.7512055999832228,0.642541400011396,0.1529863000032492,v2_rust_dense_line_search,v2_rust_dense_line_search,2,2,284.875
fake_sherbrooke,dense75,99600,2,372,2686,2686,190,190,2.133094999968307,1.4634893999900669,0.15342279998003505,v2_rust_dense_line_search,v2_rust_dense_line_search,2,2,284.875
fake_sherbrooke,dense75,99601,1,372,1390,1390,97,97,1.7192631999787409,0.6119199999957345,0.15311069999006577,v2_rust_dense_line_search,v2_rust_dense_line_search,2,2,284.875
fake_sherbrooke,dense75,99601,2,372,2680,2680,186,186,2.1286005999718327,1.0660558999807108,0.15276849997462705,v2_rust_dense_line_search,v2_rust_dense_line_search,2,2,285.19140625
fake_sherbrooke,dense75,99602,1,372,1390,1390,99,99,1.6729275999532547,0.6797871999733616,0.15337989997351542,v2_rust_dense_line_search,v2_rust_dense_line_search,2,2,285.19140625
fake_sherbrooke,dense75,99602,2,372,2692,2692,188,188,2.194136600010097,1.1014289000013378,0.15285600000061095,v2_rust_dense_line_search,v2_rust_dense_line_search,2,2,285.19140625
fake_sherbrooke,dense75,99603,1,372,1392,1392,95,95,1.708348099986324,0.6211836999864317,0.15275569999357685,v2_rust_dense_line_search,v2_rust_dense_line_search,2,2,285.19140625
fake_sherbrooke,dense75,99603,2,372,2684,2684,184,184,2.129683199978899,1.0782941999787,0.15293809998547658,v2_rust_dense_line_search,v2_rust_dense_line_search,2,2,285.19140625
fake_sherbrooke,dense75,99604,1,372,1390,1390,99,99,1.63328409998212,0.6601113999786321,0.1528606999781914,v2_rust_dense_line_search,v2_rust_dense_line_search,2,2,285.19140625
fake_sherbrooke,dense75,99604,2,372,2712,2712,192,192,2.150489399995422,1.0848819999955595,0.15281440000399016,v2_rust_dense_line_search,v2_rust_dense_line_search,2,2,285.19140625
fake_brisbane,medium50,99700,1,248,1255,1255,86,86,1.54432149999775,0.5827672999876086,0.15364689999842085,v2_rust_medium32_line_search,v2_rust_medium32_line_search,2,2,285.19140625
fake_brisbane,medium50,99700,2,248,2662,2662,180,180,2.053444099990884,0.9778671000094619,0.15277950000017881,v2_rust_medium32_line_search,v2_rust_medium32_line_search,2,2,285.19140625
fake_brisbane,medium50,99701,1,248,1283,1283,87,87,1.6169245000346564,0.5230243999976665,0.15227600000798702,v2_rust_medium32_line_search,v2_rust_medium32_line_search,2,2,285.19140625
fake_brisbane,medium50,99701,2,248,2448,2448,170,170,1.985166200029198,0.9520688000193331,0.15274700001464225,v2_rust_medium32_line_search,v2_rust_medium32_line_search,2,2,285.19140625
fake_brisbane,medium50,99702,1,248,1322,1322,90,90,1.589012599986745,0.6293051999818999,0.15363129999605007,v2_rust_medium32_line_search,v2_rust_medium32_line_search,2,2,285.19140625
fake_brisbane,medium50,99702,2,248,2721,2721,180,180,2.037712499994086,0.913357499986887,0.15195219998713583,v2_rust_medium32_line_search,v2_rust_medium32_line_search,2,2,285.19140625
fake_brisbane,medium50,99703,1,248,1289,1289,91,91,1.6519361999817193,0.5407956999843009,0.15399379999144003,v2_rust_medium32_line_search,v2_rust_medium32_line_search,2,2,285.19140625
fake_brisbane,medium50,99703,2,248,2496,2496,174,174,1.9890841999731492,0.9084910999808926,0.1531457999954,v2_rust_medium32_line_search,v2_rust_medium32_line_search,2,2,285.19140625
fake_brisbane,medium50,99704,1,248,1291,1291,89,89,1.6406394999939948,0.5382472999917809,0.15190769999753684,v2_rust_medium32_line_search,v2_rust_medium32_line_search,2,2,285.19140625
fake_brisbane,medium50,99704,2,248,2476,2476,176,176,2.0190116000012495,0.9223890999855939,0.15361639999900945,v2_rust_medium32_line_search,v2_rust_medium32_line_search,2,2,285.19140625
fake_brisbane,dense75,99700,1,372,1394,1394,97,97,1.6069129999959841,0.5664604999765288,0.15277449999121018,v2_rust_dense_line_search,v2_rust_dense_line_search,2,2,285.19140625
fake_brisbane,dense75,99700,2,372,2700,2700,190,190,2.17022149998229,1.0198111000063363,0.15276599998469464,v2_rust_dense_line_search,v2_rust_dense_line_search,2,2,285.19140625
fake_brisbane,dense75,99701,1,372,1372,1372,96,96,1.6990647000202443,0.5761186000017915,0.1527298000000883,v2_rust_dense_line_search,v2_rust_dense_line_search,2,2,285.19140625
fake_brisbane,dense75,99701,2,372,2813,2813,198,198,2.1971540999948047,1.1442456000077073,0.15337000001454726,v2_rust_dense_line_search,v2_rust_dense_line_search,2,2,285.19140625
fake_brisbane,dense75,99702,1,372,1402,1402,101,101,1.7325829999754205,0.5952858999953605,0.15428529999917373,v2_rust_dense_line_search,v2_rust_dense_line_search,2,2,285.19140625
fake_brisbane,dense75,99702,2,372,2712,2712,194,194,2.260931900003925,1.1280635000148322,0.1527868999983184,v2_rust_dense_line_search,v2_rust_dense_line_search,2,2,285.19140625
fake_brisbane,dense75,99703,1,372,1380,1380,93,93,1.637495900009526,0.6754199000133667,0.15313390002120286,v2_rust_dense_line_search,v2_rust_dense_line_search,2,2,285.19140625
fake_brisbane,dense75,99703,2,372,2678,2678,186,186,2.1685140000190586,1.0440251000109129,0.1531175000127405,v2_rust_dense_line_search,v2_rust_dense_line_search,2,2,285.19140625
fake_brisbane,dense75,99704,1,372,1390,1390,97,97,1.7610425000020768,0.6017015000106767,0.15289970001322217,v2_rust_dense_line_search,v2_rust_dense_line_search,2,2,285.19140625
fake_brisbane,dense75,99704,2,372,2676,2676,190,190,2.1807897000107914,1.1375430000189226,0.15292660001432523,v2_rust_dense_line_search,v2_rust_dense_line_search,2,2,285.19140625
fake_kyiv,medium50,99700,1,248,1255,1255,86,86,1.6687214999692515,0.5471112999948673,0.15367549998336472,v2_rust_medium32_line_search,v2_rust_medium32_line_search,2,2,285.19140625
fake_kyiv,medium50,99700,2,248,2662,2662,180,180,2.084769299981417,1.1258230999810621,0.15202779998071492,v2_rust_medium32_line_search,v2_rust_medium32_line_search,2,2,285.19140625
fake_kyiv,medium50,99701,1,248,1283,1283,87,87,1.595997400028864,0.6693695000139996,0.15360670001246035,v2_rust_medium32_line_search,v2_rust_medium32_line_search,2,2,285.19140625
fake_kyiv,medium50,99701,2,248,2448,2448,170,170,1.9433707000280265,0.9973269000183791,0.15303480002330616,v2_rust_medium32_line_search,v2_rust_medium32_line_search,2,2,285.19140625
fake_kyiv,medium50,99702,1,248,1322,1322,90,90,1.647780100000091,0.5896973999915645,0.15327229999820702,v2_rust_medium32_line_search,v2_rust_medium32_line_search,2,2,285.19140625
fake_kyiv,medium50,99702,2,248,2721,2721,180,180,2.087793399958173,1.0664198999584187,0.15210449998266995,v2_rust_medium32_line_search,v2_rust_medium32_line_search,2,2,285.19140625
fake_kyiv,medium50,99703,1,248,1289,1289,91,91,1.6365004999970552,0.5454197999788448,0.15313979997881688,v2_rust_medium32_line_search,v2_rust_medium32_line_search,2,2,285.19140625
fake_kyiv,medium50,99703,2,248,2458,2458,174,174,1.9741508000006434,0.9165855000028387,0.15278679999755695,v2_rust_medium32_line_search,v2_rust_medium32_line_search,2,2,285.19140625
fake_kyiv,medium50,99704,1,248,1291,1291,89,89,1.6276764000067487,0.6654572999977972,0.15342859999509528,v2_rust_medium32_line_search,v2_rust_medium32_line_search,2,2,285.19140625
fake_kyiv,medium50,99704,2,248,2476,2476,176,176,2.0489222000178415,0.9587830000091344,0.1527090000163298,v2_rust_medium32_line_search,v2_rust_medium32_line_search,2,2,285.19140625
fake_kyiv,dense75,99700,1,372,1394,1394,97,97,1.737395900010597,0.6030927999818232,0.15273750000051223,v2_rust_dense_line_search,v2_rust_dense_line_search,2,2,285.19140625
fake_kyiv,dense75,99700,2,372,2704,2704,190,190,2.1697417000250425,1.1113649000180885,0.15330040000844747,v2_rust_dense_line_search,v2_rust_dense_line_search,2,2,285.19140625
fake_kyiv,dense75,99701,1,372,1372,1372,96,96,1.6861864000093192,0.5966006999951787,0.1527555999928154,v2_rust_dense_line_search,v2_rust_dense_line_search,2,2,285.19140625
fake_kyiv,dense75,99701,2,372,2813,2813,198,198,2.240761900000507,1.128465599991614,0.15293360000941902,v2_rust_dense_line_search,v2_rust_dense_line_search,2,2,285.19140625
fake_kyiv,dense75,99702,1,372,1402,1402,101,101,1.6572330000053626,0.7070942999853287,0.15274200000567362,v2_rust_dense_line_search,v2_rust_dense_line_search,2,2,285.19140625
fake_kyiv,dense75,99702,2,372,2712,2712,194,194,2.280628699983936,1.1952377999550663,0.15294139998150058,v2_rust_dense_line_search,v2_rust_dense_line_search,2,2,285.71875
fake_kyiv,dense75,99703,1,372,1380,1380,93,93,1.8150418999721296,0.7019555000006221,0.15535479999380186,v2_rust_dense_line_search,v2_rust_dense_line_search,2,2,285.71875
fake_kyiv,dense75,99703,2,372,2678,2678,186,186,2.2120150000264402,1.109728300012648,0.15317260002484545,v2_rust_dense_line_search,v2_rust_dense_line_search,2,2,285.71875
fake_kyiv,dense75,99704,1,372,1390,1390,97,97,1.7132683000236284,0.6431369000056293,0.15276730002369732,v2_rust_dense_line_search,v2_rust_dense_line_search,2,2,285.71875
fake_kyiv,dense75,99704,2,372,2676,2676,190,190,2.118330600002082,1.0537539000215475,0.1526923000055831,v2_rust_dense_line_search,v2_rust_dense_line_search,2,2,285.71875
fake_sherbrooke,medium50,99700,1,248,1255,1255,86,86,1.5367770000302698,0.5056611000327393,0.1518495000200346,v2_rust_medium32_line_search,v2_rust_medium32_line_search,2,2,285.71875
fake_sherbrooke,medium50,99700,2,248,2662,2662,180,180,2.0672371000109706,0.9866512999869883,0.15188530000159517,v2_rust_medium32_line_search,v2_rust_medium32_line_search,2,2,285.71875
fake_sherbrooke,medium50,99701,1,248,1249,1249,84,84,1.6003548999724444,0.5742080999771133,0.15290279997861944,v2_rust_medium32_line_search,v2_rust_medium32_line_search,2,2,285.71875
fake_sherbrooke,medium50,99701,2,248,2448,2448,170,170,1.991580800007796,0.9355209000059403,0.1518662000016775,v2_rust_medium32_line_search,v2_rust_medium32_line_search,2,2,285.71875
fake_sherbrooke,medium50,99702,1,248,1322,1322,90,90,1.574384800012922,0.5402884999930393,0.15192520001437515,v2_rust_medium32_line_search,v2_rust_medium32_line_search,2,2,285.71875
fake_sherbrooke,medium50,99702,2,248,2721,2721,180,180,2.0451409999805037,1.0111585999839008,0.15214359998935834,v2_rust_medium32_line_search,v2_rust_medium32_line_search,2,2,285.71875
fake_sherbrooke,medium50,99703,1,248,1289,1289,91,91,1.652969100017799,0.5522943999967538,0.15339890000177547,v2_rust_medium32_line_search,v2_rust_medium32_line_search,2,2,285.71875
fake_sherbrooke,medium50,99703,2,248,2458,2458,174,174,1.9848450999998022,0.9463461000123061,0.1520166000118479,v2_rust_medium32_line_search,v2_rust_medium32_line_search,2,2,285.71875
fake_sherbrooke,medium50,99704,1,248,1291,1291,89,89,1.538516400003573,0.6154707000241615,0.15281460000551306,v2_rust_medium32_line_search,v2_rust_medium32_line_search,2,2,285.71875
fake_sherbrooke,medium50,99704,2,248,2476,2476,176,176,1.9351427000074182,0.875082000013208,0.152066200011177,v2_rust_medium32_line_search,v2_rust_medium32_line_search,2,2,285.71875
fake_sherbrooke,dense75,99700,1,372,1394,1394,97,97,1.65513070000452,0.5889123000088148,0.152996599994367,v2_rust_dense_line_search,v2_rust_dense_line_search,2,2,285.71875
fake_sherbrooke,dense75,99700,2,372,2700,2700,190,190,2.2058343999960925,1.1069816999952309,0.15355419999104924,v2_rust_dense_line_search,v2_rust_dense_line_search,2,2,285.71875
fake_sherbrooke,dense75,99701,1,372,1372,1372,96,96,1.781210299988743,0.6192607999837492,0.1528583999897819,v2_rust_dense_line_search,v2_rust_dense_line_search,2,2,285.71875
fake_sherbrooke,dense75,99701,2,372,2813,2813,198,198,2.1168159999942873,1.0447070999944117,0.1528208999952767,v2_rust_dense_line_search,v2_rust_dense_line_search,2,2,286.21875
fake_sherbrooke,dense75,99702,1,372,1402,1402,101,101,1.6073770999792032,0.6536878999904729,0.1529986999812536,v2_rust_dense_line_search,v2_rust_dense_line_search,2,2,286.21875
fake_sherbrooke,dense75,99702,2,372,2712,2712,194,194,2.081033500027843,0.9579404000251088,0.15289630001643673,v2_rust_dense_line_search,v2_rust_dense_line_search,2,2,286.21875
fake_sherbrooke,dense75,99703,1,372,1388,1388,95,95,1.6473702999937814,0.5674384000012651,0.15309800000977702,v2_rust_dense_line_search,v2_rust_dense_line_search,2,2,286.21875
fake_sherbrooke,dense75,99703,2,372,2682,2682,188,188,2.0554760999802966,1.092719299980672,0.15294639999046922,v2_rust_dense_line_search,v2_rust_dense_line_search,2,2,286.21875
fake_sherbrooke,dense75,99704,1,372,1390,1390,97,97,1.6682529000099748,0.5605070000165142,0.15264600000227802,v2_rust_dense_line_search,v2_rust_dense_line_search,2,2,286.21875
fake_sherbrooke,dense75,99704,2,372,2676,2676,190,190,2.0874062000075355,1.0539161000051536,0.15276860000449233,v2_rust_dense_line_search,v2_rust_dense_line_search,2,2,286.453125
