snapshot,logical_qubits,family,graph_id,layers,edges,stock_2q,hybrid_2q,commuting_2q,stock_depth,hybrid_depth,commuting_depth,stock_seconds,hybrid_seconds,commuting_seconds,hybrid_mode,route_checks,selected_mapping_check,peak_rss_mib
fake_brisbane,32,medium50,99600,1,248,1616,1241,1427,461,84,96,0.24744380000629462,1.555126499995822,3.057456100010313,v2_rust_medium32_line_search,2,passed,221.42578125
fake_brisbane,32,medium50,99600,2,248,3262,2662,2848,773,178,190,0.33970479998970404,1.948480399994878,3.787410799995996,v2_rust_medium32_line_search,2,passed,262.68359375
fake_brisbane,32,medium50,99601,1,248,1627,1257,1439,476,86,96,0.2579610999964643,1.5313197000068612,2.9659653000126127,v2_rust_medium32_line_search,2,passed,264.1015625
fake_brisbane,32,medium50,99601,2,248,3392,2674,2866,775,184,190,0.3540900999796577,1.971619300020393,3.744128600024851,v2_rust_medium32_line_search,2,passed,271.7734375
fake_brisbane,32,medium50,99602,1,248,1591,1281,1425,422,89,96,0.23311699999612756,1.5456014999945182,2.914324699988356,v2_rust_medium32_line_search,2,passed,274.99609375
fake_brisbane,32,medium50,99602,2,248,3361,2466,2852,809,176,190,0.35571919998619705,1.9195646999869496,3.7874740000115708,v2_rust_medium32_line_search,2,passed,284.43359375
fake_brisbane,32,medium50,99603,1,248,1567,1285,1437,452,89,96,0.1661096999887377,1.5688908000010997,2.9602980999916326,v2_rust_medium32_line_search,2,passed,284.43359375
fake_brisbane,32,medium50,99603,2,248,3425,2460,2850,804,172,190,0.34440810000523925,1.917773200024385,3.7737607000162825,v2_rust_medium32_line_search,2,passed,284.43359375
fake_brisbane,32,medium50,99604,1,248,1593,1295,1435,399,87,96,0.17383120002341457,1.5995797999785282,2.9671313999861013,v2_rust_medium32_line_search,2,passed,284.43359375
fake_brisbane,32,medium50,99604,2,248,3433,2514,2850,785,170,190,0.37511729999096133,1.934594799997285,3.786891099996865,v2_rust_medium32_line_search,2,passed,284.43359375
fake_brisbane,32,dense75,99600,1,372,2012,1396,1366,575,97,90,0.28695110001717694,1.610339099977864,4.762840499985032,v2_rust_dense_line_search,2,passed,284.43359375
fake_brisbane,32,dense75,99600,2,372,4082,2686,2815,892,190,184,0.5049814000085462,2.0498696000140626,5.948707400006242,v2_rust_dense_line_search,2,passed,284.43359375
fake_brisbane,32,dense75,99601,1,372,2076,1390,1447,561,97,96,0.22442770001362078,1.66129479999654,3.3709677000006195,v2_rust_dense_line_search,2,passed,284.43359375
fake_brisbane,32,dense75,99601,2,372,4172,2680,2892,780,186,194,0.5089074999850709,2.085919000004651,4.661986499995692,v2_rust_dense_line_search,2,passed,284.44921875
fake_brisbane,32,dense75,99602,1,372,2068,1390,1451,574,99,96,0.23751190002076328,1.6300725000037346,3.3867899000179023,v2_rust_dense_line_search,2,passed,284.44921875
fake_brisbane,32,dense75,99602,2,372,4278,2692,2894,948,188,190,0.5457692999916617,2.0994192000071052,4.502524599985918,v2_rust_dense_line_search,2,passed,292.5859375
fake_brisbane,32,dense75,99603,1,372,2102,1392,1447,583,95,96,0.22947749999002554,1.6804523000027984,3.3705575999920256,v2_rust_dense_line_search,2,passed,292.5859375
fake_brisbane,32,dense75,99603,2,372,4115,2684,2888,944,184,194,0.5210202000162099,2.1445291999843903,4.535132400022121,v2_rust_dense_line_search,2,passed,293.33984375
fake_brisbane,32,dense75,99604,1,372,2003,1390,1348,492,99,90,0.28002490001381375,1.5938306000025477,3.9830194000096526,v2_rust_dense_line_search,2,passed,293.33984375
fake_brisbane,32,dense75,99604,2,372,4176,2706,2791,964,192,188,0.5500217000080738,2.0762520999996923,5.176619400008349,v2_rust_dense_line_search,2,passed,295.515625
fake_kyiv,32,medium50,99600,1,248,1616,1241,1427,461,84,96,0.23677339998539537,1.539421699999366,2.968701100006001,v2_rust_medium32_line_search,2,passed,296.046875
fake_kyiv,32,medium50,99600,2,248,3262,2662,2848,773,178,190,0.35601239997777157,1.9717483000131324,3.8200352999847382,v2_rust_medium32_line_search,2,passed,297.61328125
fake_kyiv,32,medium50,99601,1,248,1627,1257,1439,476,86,96,0.18634769998607226,1.6097105000226293,2.9855995000107214,v2_rust_medium32_line_search,2,passed,297.61328125
fake_kyiv,32,medium50,99601,2,248,3392,2674,2866,775,184,190,0.3602367000130471,2.0125064000021666,3.7752400999888778,v2_rust_medium32_line_search,2,passed,297.61328125
fake_kyiv,32,medium50,99602,1,248,1591,1281,1425,422,89,96,0.1814095999870915,1.6403988000238314,2.886158200009959,v2_rust_medium32_line_search,2,passed,299.83984375
fake_kyiv,32,medium50,99602,2,248,3361,2466,2852,809,176,190,0.35795420000795275,1.9466847000003327,3.81062090001069,v2_rust_medium32_line_search,2,passed,299.83984375
fake_kyiv,32,medium50,99603,1,248,1567,1285,1437,452,89,96,0.1781965999980457,1.6003684000170324,2.9372146999812685,v2_rust_medium32_line_search,2,passed,299.83984375
fake_kyiv,32,medium50,99603,2,248,3425,2488,2850,804,172,190,0.402376899990486,1.9580610000120942,3.8229377000243403,v2_rust_medium32_line_search,2,passed,299.83984375
fake_kyiv,32,medium50,99604,1,248,1593,1295,1435,399,87,96,0.17176399999880232,1.6052962000248954,2.994718199974159,v2_rust_medium32_line_search,2,passed,299.83984375
fake_kyiv,32,medium50,99604,2,248,3433,2514,2850,785,170,190,0.37389980000443757,1.985867999988841,3.8409430000174325,v2_rust_medium32_line_search,2,passed,299.83984375
fake_kyiv,32,dense75,99600,1,372,2012,1396,1366,575,97,90,0.24197290002484806,1.7534099999757018,4.776891599991359,v2_rust_dense_line_search,2,passed,299.83984375
fake_kyiv,32,dense75,99600,2,372,4082,2686,2815,892,190,184,0.45192339998902753,2.1364271999918856,6.033424199995352,v2_rust_dense_line_search,2,passed,299.83984375
fake_kyiv,32,dense75,99601,1,372,2076,1390,1447,561,97,96,0.23792189999949187,1.7101465000014286,3.3204573999973945,v2_rust_dense_line_search,2,passed,299.83984375
fake_kyiv,32,dense75,99601,2,372,4172,2694,2892,780,186,194,0.4367175000079442,2.111327499995241,4.683156500017503,v2_rust_dense_line_search,2,passed,299.83984375
fake_kyiv,32,dense75,99602,1,372,2068,1390,1451,574,99,96,0.2344605000107549,1.6840862999961246,3.362964500003727,v2_rust_dense_line_search,2,passed,299.83984375
fake_kyiv,32,dense75,99602,2,372,4278,2692,2894,948,188,190,0.47089309999137186,2.1239753999980167,4.568360500008566,v2_rust_dense_line_search,2,passed,299.83984375
fake_kyiv,32,dense75,99603,1,372,2102,1392,1447,583,95,96,0.31330520001938567,1.6281229000014719,3.3657435000059195,v2_rust_dense_line_search,2,passed,299.83984375
fake_kyiv,32,dense75,99603,2,372,4115,2684,2888,944,184,194,0.5298501000215765,2.106940300000133,4.539054299995769,v2_rust_dense_line_search,2,passed,299.83984375
fake_kyiv,32,dense75,99604,1,372,2003,1390,1348,492,99,90,0.24063649997697212,1.7028614000009838,4.014058300002944,v2_rust_dense_line_search,2,passed,299.83984375
fake_kyiv,32,dense75,99604,2,372,4176,2706,2791,964,192,188,0.4377447000006214,2.1305979999888223,5.269600499974331,v2_rust_dense_line_search,2,passed,299.83984375
fake_sherbrooke,32,medium50,99600,1,248,1616,1241,1427,461,84,96,0.16800209999200888,1.5318336999916937,2.9658439999911934,v2_rust_medium32_line_search,2,passed,299.83984375
fake_sherbrooke,32,medium50,99600,2,248,3262,2662,2848,773,178,190,0.38332760002231225,1.9320472999825142,3.8191141999850515,v2_rust_medium32_line_search,2,passed,299.83984375
fake_sherbrooke,32,medium50,99601,1,248,1627,1257,1439,476,86,96,0.17677419999381527,1.5958518999977969,2.938967499998398,v2_rust_medium32_line_search,2,passed,299.83984375
fake_sherbrooke,32,medium50,99601,2,248,3392,2674,2866,775,184,190,0.40746270000818186,1.993977600010112,3.7562349000072572,v2_rust_medium32_line_search,2,passed,299.83984375
fake_sherbrooke,32,medium50,99602,1,248,1591,1281,1425,422,89,96,0.17042540002148598,1.5554323999967892,2.9560457000043243,v2_rust_medium32_line_search,2,passed,299.83984375
fake_sherbrooke,32,medium50,99602,2,248,3361,2466,2852,809,176,190,0.40601320000132546,1.9266959000087809,3.8508546999946702,v2_rust_medium32_line_search,2,passed,299.83984375
fake_sherbrooke,32,medium50,99603,1,248,1567,1285,1437,452,89,96,0.1844396000087727,1.5335126999998465,3.083087000006344,v2_rust_medium32_line_search,2,passed,299.83984375
fake_sherbrooke,32,medium50,99603,2,248,3425,2460,2850,804,172,190,0.41473259998019785,1.8799966000078712,3.877021499996772,v2_rust_medium32_line_search,2,passed,300.8125
fake_sherbrooke,32,medium50,99604,1,248,1593,1295,1435,399,87,96,0.18104939998011105,1.5443355000170413,3.0050706999900285,v2_rust_medium32_line_search,2,passed,300.8125
fake_sherbrooke,32,medium50,99604,2,248,3433,2514,2850,785,170,190,0.3523719999939203,1.9698625000019092,3.8089290999923833,v2_rust_medium32_line_search,2,passed,300.8125
fake_sherbrooke,32,dense75,99600,1,372,2012,1396,1366,575,97,90,0.2926893999974709,1.634423700015759,4.90948530001333,v2_rust_dense_line_search,2,passed,300.8125
fake_sherbrooke,32,dense75,99600,2,372,4082,2686,2815,892,190,184,0.5479483000235632,2.119794899976114,6.040539300011005,v2_rust_dense_line_search,2,passed,301.8203125
fake_sherbrooke,32,dense75,99601,1,372,2076,1390,1447,561,97,96,0.23519469998427667,1.7068855999968946,3.3873349000059534,v2_rust_dense_line_search,2,passed,301.8203125
fake_sherbrooke,32,dense75,99601,2,372,4172,2680,2892,780,186,194,0.43798449999303557,2.111156099999789,4.629299599997466,v2_rust_dense_line_search,2,passed,301.8203125
fake_sherbrooke,32,dense75,99602,1,372,2068,1390,1451,574,99,96,0.22376079999958165,1.6283480999991298,3.4647588999941945,v2_rust_dense_line_search,2,passed,301.8203125
fake_sherbrooke,32,dense75,99602,2,372,4278,2692,2894,948,188,190,0.4505502000101842,2.104905999993207,4.61344069999177,v2_rust_dense_line_search,2,passed,307.72265625
fake_sherbrooke,32,dense75,99603,1,372,2102,1392,1447,583,95,96,0.24085820000618696,1.6298051000048872,3.396868000010727,v2_rust_dense_line_search,2,passed,307.72265625
fake_sherbrooke,32,dense75,99603,2,372,4115,2684,2888,944,184,194,0.542818999994779,2.099073799996404,4.631156599993119,v2_rust_dense_line_search,2,passed,307.72265625
fake_sherbrooke,32,dense75,99604,1,372,2003,1390,1348,492,99,90,0.22665669998968951,1.629551599995466,4.086174800002482,v2_rust_dense_line_search,2,passed,307.72265625
fake_sherbrooke,32,dense75,99604,2,372,4176,2712,2791,964,192,188,0.5091765999968629,2.1090657000022475,5.193707800004631,v2_rust_dense_line_search,2,passed,307.72265625
