snapshot,family,graph_id,layers,edges,plain_2q,optimized_2q,plain_depth,optimized_depth,plain_seconds,optimized_seconds,ordering_seconds,peak_rss_mib
fake_brisbane,medium50,101100,1,1008,5945,5551,206,184,0.7281025999982376,0.8779362999775913,0.20488589999149553,278.03125
fake_brisbane,medium50,101100,2,1008,11856,11458,400,378,1.499173200019868,1.8445288000220899,0.15862299999571405,451.80078125
fake_brisbane,medium50,101101,1,1008,5943,5629,196,185,0.7448336999805178,0.8632524999848101,0.15886590001173317,451.80078125
fake_brisbane,medium50,101101,2,1008,11844,10968,390,364,1.4955292000086047,1.5890533999772742,0.15829769999254495,451.80078125
fake_brisbane,medium50,101102,1,1008,5929,5551,194,182,0.7265406000078656,0.9282365000108257,0.15855049999663606,451.80078125
fake_brisbane,medium50,101102,2,1008,11850,11476,392,376,1.649849000008544,1.7959033999941312,0.15858699998352677,451.80078125
fake_brisbane,medium50,101103,1,1008,5935,5537,198,182,0.6976522000040859,0.8958567000227049,0.15866110002389178,451.80078125
fake_brisbane,medium50,101103,2,1008,11858,11432,392,376,1.5442774000111967,1.6567131000047084,0.15937949999351986,451.80078125
fake_brisbane,medium50,101104,1,1008,5941,5627,198,185,0.7815757000062149,0.8622017999878153,0.16331559998798184,451.80078125
fake_brisbane,medium50,101104,2,1008,11820,10994,392,364,1.4985948999819811,1.7108185999968555,0.15840589997242205,451.80078125
fake_brisbane,dense75,101100,1,1512,6003,5858,216,193,0.8840557000075933,0.9683434999897145,0.17230830001062714,451.80078125
fake_brisbane,dense75,101100,2,1512,11964,11490,426,382,1.79582929998287,1.923038099979749,0.16260819998569787,474.5546875
fake_brisbane,dense75,101101,1,1512,5983,5856,202,195,0.8289987000171095,0.9809077999962028,0.16314889999921434,474.5546875
fake_brisbane,dense75,101101,2,1512,11948,11502,408,384,1.7880043999757618,1.9378987000091001,0.16754329999093898,474.5546875
fake_brisbane,dense75,101102,1,1512,5987,5846,210,191,0.8054755000048317,1.0407367999723647,0.16316720002214424,474.5546875
fake_brisbane,dense75,101102,2,1512,11966,11458,412,376,1.8176396999915596,1.8634259999962524,0.1628678000124637,474.5546875
fake_brisbane,dense75,101103,1,1512,5989,5854,208,193,0.7906024999974761,0.9500538000138476,0.16744410002138466,474.5546875
fake_brisbane,dense75,101103,2,1512,11950,11478,406,378,1.6915500999893993,1.7915766999940388,0.16232299999683164,474.5546875
fake_brisbane,dense75,101104,1,1512,5977,5844,208,193,0.8417459999909624,1.0282933999842498,0.16843550000339746,474.5546875
fake_brisbane,dense75,101104,2,1512,11968,11470,422,382,1.7694498999917414,1.8335878000070807,0.16228610000689514,479.09765625
fake_kyiv,medium50,101100,1,1008,5945,5551,206,184,0.7743215000082273,0.9226868000114337,0.1588404000212904,479.09765625
fake_kyiv,medium50,101100,2,1008,11856,11458,400,378,1.6910630999773275,1.678413300018292,0.15863099999842234,479.09765625
fake_kyiv,medium50,101101,1,1008,5943,5629,196,185,0.8165238999936264,0.9700094999861903,0.15892769998754375,479.09765625
fake_kyiv,medium50,101101,2,1008,11844,11076,390,364,1.647970299993176,1.7440605000010692,0.1590190000133589,479.09765625
fake_kyiv,medium50,101102,1,1008,5929,5551,194,182,0.789955899992492,0.9471893000009004,0.15885830001207069,479.09765625
fake_kyiv,medium50,101102,2,1008,11850,11476,392,376,1.6623212000122294,1.7204323000041768,0.15907520000473596,479.09765625
fake_kyiv,medium50,101103,1,1008,5935,5537,198,182,0.7810378999856766,0.9118987999972887,0.16425750000053085,479.09765625
fake_kyiv,medium50,101103,2,1008,11858,11432,392,376,1.7237066999950912,1.7159175000269897,0.1590528000087943,479.09765625
fake_kyiv,medium50,101104,1,1008,5941,5627,198,185,0.8361748000024818,0.9049894000054337,0.1587839999992866,479.09765625
fake_kyiv,medium50,101104,2,1008,11820,10994,392,364,1.6568713000160642,1.6839871999982279,0.16004819999216124,479.09765625
fake_kyiv,dense75,101100,1,1512,6003,5858,216,193,0.9343147999898065,1.1052662000001874,0.163370299997041,479.09765625
fake_kyiv,dense75,101100,2,1512,11964,11544,426,382,1.785641399997985,1.9162895000190474,0.16493090000585653,479.09765625
fake_kyiv,dense75,101101,1,1512,5983,5856,202,195,0.8261994000058621,1.0865567000000738,0.16317820001859218,479.09765625
fake_kyiv,dense75,101101,2,1512,11948,11502,408,384,1.7180941999831703,2.044081100000767,0.16810229999828152,487.93359375
fake_kyiv,dense75,101102,1,1512,5987,5846,210,191,0.8363000999961514,1.1465011999825947,0.16310340000200085,487.93359375
fake_kyiv,dense75,101102,2,1512,11966,11458,412,376,1.7957752000074834,1.909513499995228,0.16253050000523217,487.93359375
fake_kyiv,dense75,101103,1,1512,5989,5854,208,193,0.7638918999873567,1.0785159000079148,0.16295690002152696,487.93359375
fake_kyiv,dense75,101103,2,1512,11950,11478,406,378,1.776676299981773,1.984894399996847,0.16244740001275204,487.93359375
fake_kyiv,dense75,101104,1,1512,5977,5844,208,193,0.7988754000107292,1.1361245000152849,0.16270450002048165,487.93359375
fake_kyiv,dense75,101104,2,1512,11968,11470,422,382,1.7808757000020705,1.9443399999872781,0.17167429998517036,487.93359375
fake_sherbrooke,medium50,101100,1,1008,5945,5551,206,184,0.8012430999951903,0.9374260000186041,0.17020700001739897,487.93359375
fake_sherbrooke,medium50,101100,2,1008,11856,11458,400,378,1.4967752999800723,1.7655352000147104,0.15852180001093075,487.93359375
fake_sherbrooke,medium50,101101,1,1008,5943,5629,196,185,0.8467613000248093,0.8524726999748964,0.15877209999598563,487.93359375
fake_sherbrooke,medium50,101101,2,1008,11844,10968,390,364,1.5386286999855656,1.820127799990587,0.16351250000298023,487.93359375
fake_sherbrooke,medium50,101102,1,1008,5929,5551,194,182,0.7736483999760821,0.9207035999861546,0.15858389998902567,487.93359375
fake_sherbrooke,medium50,101102,2,1008,11850,11476,392,376,1.6809067000285722,1.7873570999945514,0.15852820000145584,487.93359375
fake_sherbrooke,medium50,101103,1,1008,5935,5537,198,182,0.9824357000179589,0.9051393000117969,0.15873819999978878,487.93359375
fake_sherbrooke,medium50,101103,2,1008,11858,11432,392,376,1.56942970000091,1.7487085000029765,0.1583561000006739,487.93359375
fake_sherbrooke,medium50,101104,1,1008,5941,5627,198,185,0.7979559999948833,0.9176153000153136,0.15875850000884384,487.93359375
fake_sherbrooke,medium50,101104,2,1008,11820,10994,392,364,1.6151053999783471,1.723400600021705,0.1583548000198789,487.93359375
fake_sherbrooke,dense75,101100,1,1512,6003,5858,216,193,0.9776780999964103,1.034976299997652,0.17584090001764707,487.93359375
fake_sherbrooke,dense75,101100,2,1512,11964,11490,426,382,1.9837665999948513,1.8772715000086464,0.16860979999182746,499.88671875
fake_sherbrooke,dense75,101101,1,1512,5983,5856,202,195,0.9184110999922268,1.0139539999945555,0.16322709998348728,499.88671875
fake_sherbrooke,dense75,101101,2,1512,11948,11502,408,384,1.7602518999774475,1.9130342999997083,0.16366669998387806,499.88671875
fake_sherbrooke,dense75,101102,1,1512,5987,5846,210,191,0.8207200999895576,1.0743444999970961,0.16295799997169524,499.88671875
fake_sherbrooke,dense75,101102,2,1512,11966,11458,412,376,1.7512486999912653,1.9664944999967702,0.16293009999208152,499.88671875
fake_sherbrooke,dense75,101103,1,1512,5989,5854,208,193,0.9201156999915838,0.9844489000097383,0.17192510000313632,499.88671875
fake_sherbrooke,dense75,101103,2,1512,11950,11478,406,378,1.7530362000106834,1.9175190000096336,0.16280719998758286,499.88671875
fake_sherbrooke,dense75,101104,1,1512,5977,5844,208,193,0.8849412999988999,1.0133014000020921,0.16286489999038167,499.88671875
fake_sherbrooke,dense75,101104,2,1512,11968,11470,422,382,1.7454890000226442,1.9424345000006724,0.1622868999838829,499.88671875
