snapshot,logical_qubits,family,graph_id,layers,edges,stock_2q,hybrid_2q,commuting_2q,stock_depth,hybrid_depth,commuting_depth,stock_seconds,hybrid_seconds,commuting_seconds,sat_seconds,sat_optimal,hybrid_mode,route_checks,selected_mapping_check,peak_rss_mib
fake_brisbane,64,medium50,101000,1,1008,7655,5551,5951,1352,182,192,1.0224580999929458,2.107345800002804,7.623958700016374,3.4865724999981467,False,v2_rust_medium64_line_search,2,passed,535.75390625
fake_brisbane,64,medium50,101000,2,1008,15752,11442,11850,2622,376,382,2.2375114999886137,3.8450897999864537,10.932619300001534,3.6434272000042256,False,v2_rust_medium64_line_search,2,passed,622.15625
fake_brisbane,64,medium50,101001,1,1008,7477,5627,5941,1351,187,192,0.8444844999758061,1.7921964999986812,7.1022059000097215,3.517301999992924,False,v2_rust_medium64_line_search,2,passed,622.15625
fake_brisbane,64,medium50,101001,2,1008,15317,10952,11854,2726,366,386,1.8736216000106651,3.434413899987703,10.802714199991897,3.462462100025732,False,v2_rust_medium64_line_search,2,passed,622.15625
fake_brisbane,64,medium50,101002,1,1008,7727,5621,5947,1420,187,192,0.825092399987625,1.868274200009182,7.137147800007369,3.4937172000063583,False,v2_rust_medium64_line_search,2,passed,622.15625
fake_brisbane,64,medium50,101002,2,1008,15587,10990,11854,2562,370,386,1.724036800005706,3.4832844999909867,11.074815899977693,3.4412084000068717,False,v2_rust_medium64_line_search,2,passed,622.15625
fake_brisbane,64,medium50,101003,1,1008,7755,5617,5939,1408,185,194,1.0421972000040114,1.9041263999824878,8.025050299998838,4.172998199996073,False,v2_rust_medium64_line_search,2,passed,622.15625
fake_brisbane,64,medium50,101003,2,1008,15955,10972,11860,2590,368,388,2.0253700999892317,3.989626299997326,11.019135200011078,3.593301699991571,False,v2_rust_medium64_line_search,2,passed,662.7421875
fake_brisbane,64,medium50,101004,1,1008,7629,5625,5927,1310,187,192,0.864218400005484,1.850699300004635,7.4232596999790985,3.513511199998902,False,v2_rust_medium64_line_search,2,passed,662.7421875
fake_brisbane,64,medium50,101004,2,1008,15559,10930,11836,2610,366,382,2.098925300000701,3.943106299993815,11.243855000007898,3.59414359999937,False,v2_rust_medium64_line_search,2,passed,662.7421875
fake_brisbane,64,dense75,101000,1,1512,9314,5866,5989,1531,195,194,1.3666747999959625,2.1550753000192344,9.671657600003527,4.236315999994986,False,v2_rust_dense_line_search,2,passed,806.078125
fake_brisbane,64,dense75,101000,2,1512,18839,11516,11942,3023,384,384,2.5195700000040233,3.8579502000065986,15.05176180001581,4.281708299997263,False,v2_rust_dense_line_search,2,passed,850.75
fake_brisbane,64,dense75,101001,1,1512,9159,5854,5969,1635,191,192,1.0807340999890584,2.084673700010171,9.608127999992575,4.2137280000024475,False,v2_rust_dense_line_search,2,passed,850.75
fake_brisbane,64,dense75,101001,2,1512,18620,11526,11922,2921,380,386,2.4519337999809068,4.033727000001818,14.824021700012963,4.150566099997377,False,v2_rust_dense_line_search,2,passed,856.84375
fake_brisbane,64,dense75,101002,1,1512,8955,5838,5957,1673,191,192,1.1192416000121739,2.071692500001518,9.182393800001591,4.2662436999962665,False,v2_rust_dense_line_search,2,passed,879.94140625
fake_brisbane,64,dense75,101002,2,1512,18843,11434,11888,2779,376,382,2.388196199986851,3.942226799990749,14.911561599990819,4.328345799993258,False,v2_rust_dense_line_search,2,passed,879.94140625
fake_brisbane,64,dense75,101003,1,1512,8948,5860,5983,1561,193,194,1.1527505000121891,2.289952200022526,9.504454799985979,4.282982000004267,False,v2_rust_dense_line_search,2,passed,879.94140625
fake_brisbane,64,dense75,101003,2,1512,18761,11516,11950,2594,382,384,2.612802699994063,4.102014100004453,15.527467999985674,4.321435099991504,False,v2_rust_dense_line_search,2,passed,879.94140625
fake_brisbane,64,dense75,101004,1,1512,8515,5762,5981,1147,194,194,1.3359661000140477,2.0620855999877676,10.031198699987726,4.451583300018683,False,v2_rust_dense_line_search,2,passed,879.94140625
fake_brisbane,64,dense75,101004,2,1512,18035,11719,11924,2396,388,388,2.5924832000164315,4.339747600024566,15.49510260001989,4.254649399983464,False,v2_rust_dense_line_search,2,passed,889.15625
fake_kyiv,64,medium50,101000,1,1008,7655,5551,5951,1352,182,192,1.0688585999887437,1.7664291999826673,7.240865300002042,3.50128520000726,False,v2_rust_medium64_line_search,2,passed,889.15625
fake_kyiv,64,medium50,101000,2,1008,15752,11442,11850,2622,376,382,1.8564249000046402,3.7957543000229634,10.677639200002886,3.535144699999364,False,v2_rust_medium64_line_search,2,passed,889.15625
fake_kyiv,64,medium50,101001,1,1008,7477,5627,5941,1351,187,192,0.9691184000112116,1.79826419998426,7.192802400008077,3.5180605000059586,False,v2_rust_medium64_line_search,2,passed,889.15625
fake_kyiv,64,medium50,101001,2,1008,15317,10952,11854,2726,366,386,1.7679411999997683,3.704492899996694,10.748725200013723,3.5332650000054855,False,v2_rust_medium64_line_search,2,passed,889.15625
fake_kyiv,64,medium50,101002,1,1008,7727,5621,5947,1420,187,192,0.8419458999997005,2.0501993999932893,7.2201754999987315,3.5568248000054155,False,v2_rust_medium64_line_search,2,passed,889.15625
fake_kyiv,64,medium50,101002,2,1008,15587,10990,11854,2562,370,386,1.9060739999986254,3.544104399974458,11.169255999993766,3.6176218999898992,False,v2_rust_medium64_line_search,2,passed,889.15625
fake_kyiv,64,medium50,101003,1,1008,7755,5617,5939,1408,185,194,0.8811993999988772,1.921592700004112,7.1914824999985285,3.5636474000057206,False,v2_rust_medium64_line_search,2,passed,889.15625
fake_kyiv,64,medium50,101003,2,1008,15955,10910,11860,2590,368,388,2.012022999988403,3.776579600002151,10.962843899993459,3.6563347000046633,False,v2_rust_medium64_line_search,2,passed,889.15625
fake_kyiv,64,medium50,101004,1,1008,7629,5625,5927,1310,187,192,0.8585457000008319,1.8668462000205182,7.452875399991171,3.662282300007064,False,v2_rust_medium64_line_search,2,passed,889.15625
fake_kyiv,64,medium50,101004,2,1008,15559,10930,11836,2610,366,382,1.9798460000019986,4.093443799996749,10.992813299992122,3.7031070000084583,False,v2_rust_medium64_line_search,2,passed,889.15625
fake_kyiv,64,dense75,101000,1,1512,9314,5866,5989,1531,195,194,1.1275204999838024,2.0804978999949526,9.646211000013864,4.186715499992715,False,v2_rust_dense_line_search,2,passed,889.15625
fake_kyiv,64,dense75,101000,2,1512,18839,11516,11942,3023,384,384,2.4611057000001892,4.473812299984274,14.756805799988797,4.189393900014693,False,v2_rust_dense_line_search,2,passed,901.21484375
fake_kyiv,64,dense75,101001,1,1512,9159,5854,5969,1635,191,192,1.3769004000059795,2.003974699997343,9.466629400005331,4.2339377000171226,False,v2_rust_dense_line_search,2,passed,901.21484375
fake_kyiv,64,dense75,101001,2,1512,18620,11526,11922,2921,380,386,2.4234433000092395,4.180754400003934,14.586012999992818,4.205536200024653,False,v2_rust_dense_line_search,2,passed,901.21484375
fake_kyiv,64,dense75,101002,1,1512,8955,5838,5957,1673,191,192,1.0822730000072625,2.066542999993544,9.455376899975818,4.3515623999992386,False,v2_rust_dense_line_search,2,passed,901.21484375
fake_kyiv,64,dense75,101002,2,1512,18843,11434,11888,2779,376,382,2.546987900015665,4.453778300026897,14.992650100000901,4.224368399998639,False,v2_rust_dense_line_search,2,passed,901.21484375
fake_kyiv,64,dense75,101003,1,1512,8948,5860,5983,1561,193,194,1.0482308999926317,2.130061400006525,9.428627700021025,4.267386799998349,False,v2_rust_dense_line_search,2,passed,901.21484375
fake_kyiv,64,dense75,101003,2,1512,18761,11516,11950,2594,382,384,2.8954549999907613,4.709916099993279,16.042923800006974,4.642737999995006,False,v2_rust_dense_line_search,2,passed,901.21484375
fake_kyiv,64,dense75,101004,1,1512,8515,5762,5981,1147,194,194,1.0996882999897934,2.3697279000189155,9.492537800018908,4.340329600003315,False,v2_rust_dense_line_search,2,passed,901.21484375
fake_kyiv,64,dense75,101004,2,1512,18035,11719,11924,2396,388,388,2.345154199982062,4.144346200017026,14.828892999998061,4.399318799987668,False,v2_rust_dense_line_search,2,passed,901.21484375
fake_sherbrooke,64,medium50,101000,1,1008,7655,5551,5951,1352,182,192,0.9146552000020165,1.8875816999934614,7.140860699990299,3.576344800007064,False,v2_rust_medium64_line_search,2,passed,901.21484375
fake_sherbrooke,64,medium50,101000,2,1008,15752,11442,11850,2622,376,382,1.879709200002253,3.738478799990844,10.690189099987037,3.5096863000071608,False,v2_rust_medium64_line_search,2,passed,901.21484375
fake_sherbrooke,64,medium50,101001,1,1008,7477,5627,5941,1351,187,192,0.9791430000041146,1.8007367000100203,7.292769099993166,3.506515800021589,False,v2_rust_medium64_line_search,2,passed,901.21484375
fake_sherbrooke,64,medium50,101001,2,1008,15317,10952,11854,2726,366,386,1.9962042000261135,3.5121525000140537,10.995369599986589,3.4802682000154164,False,v2_rust_medium64_line_search,2,passed,901.21484375
fake_sherbrooke,64,medium50,101002,1,1008,7727,5621,5947,1420,187,192,0.8653744000184815,1.8911076999793295,7.146350899973186,3.524163599999156,False,v2_rust_medium64_line_search,2,passed,901.21484375
fake_sherbrooke,64,medium50,101002,2,1008,15587,10990,11854,2562,370,386,1.937905500002671,3.5707104000030085,11.022779299994,3.6824457999900915,False,v2_rust_medium64_line_search,2,passed,901.21484375
fake_sherbrooke,64,medium50,101003,1,1008,7755,5617,5939,1408,185,194,0.9748663000063971,1.7894395999901462,7.185876200004714,3.5068447000230663,False,v2_rust_medium64_line_search,2,passed,901.21484375
fake_sherbrooke,64,medium50,101003,2,1008,15955,10910,11860,2590,368,388,1.903760900022462,3.6993539999821223,11.074909900024068,3.584342199988896,False,v2_rust_medium64_line_search,2,passed,901.21484375
fake_sherbrooke,64,medium50,101004,1,1008,7629,5625,5927,1310,187,192,1.0285700999957044,1.8034345999767538,7.211744200001704,3.5481550999975298,False,v2_rust_medium64_line_search,2,passed,901.21484375
fake_sherbrooke,64,medium50,101004,2,1008,15559,10930,11836,2610,366,382,1.9297653999819886,3.594332000007853,11.800116800004616,3.5785196000069845,False,v2_rust_medium64_line_search,2,passed,901.21484375
fake_sherbrooke,64,dense75,101000,1,1512,9314,5866,5989,1531,195,194,1.2059795999957714,2.3210673999856226,10.081515900004888,4.269037899997784,False,v2_rust_dense_line_search,2,passed,901.21484375
fake_sherbrooke,64,dense75,101000,2,1512,18839,11516,11942,3023,384,384,2.6303555999766104,4.3439899000222795,15.83316909999121,4.294680899998639,False,v2_rust_dense_line_search,2,passed,929.0859375
fake_sherbrooke,64,dense75,101001,1,1512,9159,5854,5969,1635,191,192,1.1821234000090044,2.1904017999768257,9.865223500004504,4.3245017000008374,False,v2_rust_dense_line_search,2,passed,929.0859375
fake_sherbrooke,64,dense75,101001,2,1512,18620,11526,11922,2921,380,386,2.591796399996383,4.654681299987715,15.167572600010317,4.318625700019766,False,v2_rust_dense_line_search,2,passed,929.0859375
fake_sherbrooke,64,dense75,101002,1,1512,8955,5838,5957,1673,191,192,1.3529852000065148,2.2177202999882866,9.815082099987194,4.448715800011996,False,v2_rust_dense_line_search,2,passed,929.0859375
fake_sherbrooke,64,dense75,101002,2,1512,18843,11434,11888,2779,376,382,2.84041510001407,4.254724900005385,15.749054899992188,4.453432899987092,False,v2_rust_dense_line_search,2,passed,952.421875
fake_sherbrooke,64,dense75,101003,1,1512,8948,5860,5983,1561,193,194,1.209749000001466,2.2110203999909572,10.017393999994965,4.385174600000028,False,v2_rust_dense_line_search,2,passed,952.421875
fake_sherbrooke,64,dense75,101003,2,1512,18761,11516,11950,2594,382,384,2.902418599987868,4.280024300009245,15.6024132000166,4.448839399992721,False,v2_rust_dense_line_search,2,passed,952.421875
fake_sherbrooke,64,dense75,101004,1,1512,8515,5762,5981,1147,194,194,1.1187806999951135,2.1084939999855123,9.872598700021626,4.419828899990534,False,v2_rust_dense_line_search,2,passed,952.421875
fake_sherbrooke,64,dense75,101004,2,1512,18035,11719,11924,2396,388,388,2.445403499994427,4.192149200011045,15.259305299987318,4.257109900005162,False,v2_rust_dense_line_search,2,passed,952.421875
