suite,snapshot,logical_qubits,family,graph_id,layers,edges,stock_2q,old_hybrid_2q,dense_hybrid_2q,commuting_2q,stock_2q_depth,old_hybrid_2q_depth,dense_hybrid_2q_depth,commuting_2q_depth,old_hybrid_seconds,dense_hybrid_seconds,commuting_seconds,old_hybrid_status,dense_hybrid_mode,peak_rss_mib
full16,fake_brisbane,16,medium50,86000,1,60,296,234,234,245,143,76,76,34,0.11855199999990873,0.19275840002228506,0.6792734000046039,routed,v2_rust_layout_tournament,149.6484375
full16,fake_brisbane,16,medium50,86000,2,60,653,460,460,580,283,147,147,80,0.14322819998778868,0.190337299980456,0.8003567999985535,routed,v2_rust_layout_tournament,155.49609375
full16,fake_brisbane,16,medium50,86001,1,60,263,232,232,247,111,82,82,36,0.08686759999545757,0.0901562999933958,0.4241218000097433,routed,v2_rust_layout_tournament,162.765625
full16,fake_brisbane,16,medium50,86001,2,60,668,464,464,590,248,151,151,86,0.15610959999321494,0.15536130001419224,0.6443450000078883,routed,v2_rust_layout_tournament,163.43359375
full16,fake_brisbane,16,medium50,86002,1,60,298,216,216,281,126,64,64,41,0.0793919999996433,0.08319840001058765,1.1794088999886299,routed,v2_rust_layout_tournament,166.8359375
full16,fake_brisbane,16,medium50,86002,2,60,646,419,419,546,262,153,153,80,0.12998620000144,0.14383859999361448,1.3607321000017691,routed,v2_rust_layout_tournament,167.79296875
full16,fake_brisbane,16,medium50,86003,1,60,307,262,262,265,152,93,93,37,0.09780790000513662,0.1123096999945119,0.8939441999973496,routed,v2_rust_layout_tournament,170.17578125
full16,fake_brisbane,16,medium50,86003,2,60,612,462,462,522,216,156,156,76,0.14023220000672154,0.1494310999987647,1.0100002000108361,routed,v2_rust_layout_tournament,170.63671875
full16,fake_brisbane,16,medium50,86004,1,60,280,256,256,251,125,93,93,38,0.09050700000079814,0.09490549998008646,0.5191640999983065,routed,v2_rust_layout_tournament,170.63671875
full16,fake_brisbane,16,medium50,86004,2,60,640,473,473,574,252,146,146,82,0.14975500000582542,0.16174499999033287,0.7232675999985076,routed,v2_rust_layout_tournament,170.63671875
full16,fake_brisbane,16,medium50,86005,1,60,307,224,224,253,138,86,86,38,0.08108419999189209,0.08843720000004396,0.5731795000028796,routed,v2_rust_layout_tournament,172.8828125
full16,fake_brisbane,16,medium50,86005,2,60,685,457,457,586,245,138,138,84,0.1463571999920532,0.15789740000036545,0.7623291000054451,routed,v2_rust_layout_tournament,173.1953125
full16,fake_brisbane,16,medium50,86006,1,60,313,293,293,255,148,96,96,36,0.15442710000206716,0.11100559998885728,0.8411786000069696,routed,v2_rust_layout_tournament,176.5234375
full16,fake_brisbane,16,medium50,86006,2,60,657,482,482,598,214,168,168,86,0.15470030000142287,0.21648250002181157,1.1068300000042655,routed,v2_rust_layout_tournament,176.5234375
full16,fake_brisbane,16,medium50,86007,1,60,303,252,252,251,122,76,76,38,0.08907750000071246,0.09257020000950433,0.6619786999945063,routed,v2_rust_layout_tournament,176.58984375
full16,fake_brisbane,16,medium50,86007,2,60,676,480,480,592,243,166,166,84,0.15260359999956563,0.16278430001693778,0.9213556999893626,routed,v2_rust_layout_tournament,176.58984375
full16,fake_brisbane,16,medium50,86008,1,60,324,283,283,247,137,87,87,34,0.10247199999867007,0.10445270000491291,0.422542499989504,routed,v2_rust_layout_tournament,176.734375
full16,fake_brisbane,16,medium50,86008,2,60,671,451,451,570,255,152,152,80,0.1333238000079291,0.14190670000971295,0.6210367000021506,routed,v2_rust_layout_tournament,176.9296875
full16,fake_brisbane,16,medium50,86009,1,60,275,246,246,257,131,80,80,38,0.09198209999885876,0.09715409998898394,0.42412419999891426,routed,v2_rust_layout_tournament,179.0703125
full16,fake_brisbane,16,medium50,86009,2,60,672,520,520,598,267,166,166,88,0.17363390000537038,0.18101430000388063,0.6290093999996316,routed,v2_rust_layout_tournament,179.67578125
full16,fake_brisbane,16,dense75,86000,1,90,403,384,300,306,160,140,44,44,0.15551559999585152,0.38287110000965185,0.40361869998741895,routed,v2_rust_dense_line_search,189.1953125
full16,fake_brisbane,16,dense75,86000,2,90,867,706,637,641,286,209,90,90,0.2366860999900382,0.625759399990784,0.7081735999963712,routed,v2_rust_dense_line_search,199.2265625
full16,fake_brisbane,16,dense75,86001,1,90,411,411,304,302,177,177,44,44,1.0893453000026057,1.238200899999356,1.3872523999889381,stock_fallback,v2_rust_dense_line_search,200.4375
full16,fake_brisbane,16,dense75,86001,2,90,874,874,641,643,313,313,94,94,1.125767999998061,1.3446926999895368,1.7008363000059035,stock_fallback,v2_rust_dense_line_search,200.4375
full16,fake_brisbane,16,dense75,86002,1,90,415,451,304,302,181,132,46,42,0.1849523999990197,0.40265499998349696,1.7703435000003083,routed,v2_rust_dense_line_search,200.4375
full16,fake_brisbane,16,dense75,86002,2,90,898,813,643,647,303,259,96,92,0.2830780000076629,0.6625402999925427,2.160379400011152,routed,v2_rust_dense_line_search,202.29296875
full16,fake_brisbane,16,dense75,86003,1,90,400,400,308,298,187,187,48,42,1.0751121000066632,1.2597912999917753,0.8065260000003036,stock_fallback,v2_rust_dense_line_search,202.29296875
full16,fake_brisbane,16,dense75,86003,2,90,831,831,643,641,287,287,94,92,1.135810899999342,1.3522010000015143,1.0472116000019014,stock_fallback,v2_rust_dense_line_search,203.390625
full16,fake_brisbane,16,dense75,86004,1,90,360,349,308,296,148,104,48,40,0.13692469999659806,0.3635851999861188,1.0456796000071336,routed,v2_rust_dense_line_search,203.390625
full16,fake_brisbane,16,dense75,86004,2,90,874,704,647,633,304,227,98,86,0.28613659999973606,0.6115996000007726,1.3222434000053909,routed,v2_rust_dense_line_search,206.61328125
full16,fake_brisbane,16,dense75,86005,1,90,402,323,306,302,166,109,44,42,0.1149277000076836,0.34529440000187606,1.5042504999873927,routed,v2_rust_dense_line_search,206.61328125
full16,fake_brisbane,16,dense75,86005,2,90,892,685,643,645,304,257,90,94,0.2181782999978168,0.542471699998714,2.160378700005822,routed,v2_rust_dense_line_search,207.1796875
full16,fake_brisbane,16,dense75,86006,1,90,384,450,316,302,170,134,47,42,0.1838088000076823,0.48618459998397157,0.46464360000391025,routed,v2_rust_dense_line_search,207.1796875
full16,fake_brisbane,16,dense75,86006,2,90,917,728,590,639,342,253,92,86,0.24775439999939408,0.5834684000001289,0.7385211999935564,routed,v2_rust_dense_line_search,211.23046875
full16,fake_brisbane,16,dense75,86007,1,90,428,355,304,302,219,139,42,42,0.132416500011459,0.35658830002648756,0.5102651000051992,routed,v2_rust_dense_line_search,211.5
full16,fake_brisbane,16,dense75,86007,2,90,959,959,653,641,361,361,92,88,1.142558799998369,1.4035667999996804,0.7688684000022477,stock_fallback,v2_rust_dense_line_search,217.0859375
full16,fake_brisbane,16,dense75,86008,1,90,436,442,302,300,216,144,46,42,0.17674099998839665,0.4008812000101898,1.4104829999996582,routed,v2_rust_dense_line_search,217.0859375
full16,fake_brisbane,16,dense75,86008,2,90,864,864,647,651,309,309,96,90,1.1318825999915134,1.343941300001461,0.9794897999963723,stock_fallback,v2_rust_dense_line_search,217.0859375
full16,fake_brisbane,16,dense75,86009,1,90,384,451,320,306,162,138,47,42,0.18624219999765046,0.40862070000730455,1.539923699994688,routed,v2_rust_dense_line_search,217.0859375
full16,fake_brisbane,16,dense75,86009,2,90,888,888,588,653,360,360,92,92,1.140929800007143,1.3840953999897465,1.7181808000023011,stock_fallback,v2_rust_dense_line_search,217.0859375
full16,fake_brisbane,16,er50,86000,1,60,313,240,240,245,108,81,81,34,0.13573310000356287,0.09376580000389367,0.5290792000014335,routed,v2_rust_layout_tournament,217.0859375
full16,fake_brisbane,16,er50,86000,2,60,677,481,481,578,271,170,170,80,0.15834870000253431,0.15807430000859313,0.7211617999855662,routed,v2_rust_layout_tournament,217.0859375
full16,fake_brisbane,16,er50,86001,1,60,309,286,286,286,137,95,95,40,0.09844460000749677,0.10399579998920672,0.23242309999477584,routed,v2_rust_layout_tournament,217.0859375
full16,fake_brisbane,16,er50,86001,2,60,675,490,490,617,263,173,173,86,0.14873390000138897,0.16614230000413954,0.4646982999984175,routed,v2_rust_layout_tournament,217.0859375
full16,fake_brisbane,16,er50,86002,1,60,305,242,242,253,133,100,100,38,0.08500730000378098,0.09109990001888946,0.44991460000164807,routed,v2_rust_layout_tournament,217.0859375
full16,fake_brisbane,16,er50,86002,2,60,670,498,498,592,276,151,151,88,0.15535089999320917,0.16980910001439042,0.6494638000003761,routed,v2_rust_layout_tournament,217.140625
full16,fake_brisbane,16,er50,86003,1,60,312,277,277,247,147,98,98,36,0.10018750000745058,0.10232179999002255,0.3002698999916902,routed,v2_rust_layout_tournament,218.96484375
full16,fake_brisbane,16,er50,86003,2,60,665,465,465,586,261,155,155,82,0.15244289999827743,0.2218525999924168,0.4668091000057757,routed,v2_rust_layout_tournament,219.18359375
full16,fake_brisbane,16,er50,86004,1,60,306,268,268,245,149,90,90,34,0.10476859999471344,0.11695230001350865,0.4980939000088256,routed,v2_rust_layout_tournament,219.18359375
full16,fake_brisbane,16,er50,86004,2,60,677,501,501,582,264,169,169,80,0.14679959999921266,0.15953890001401305,0.7329749999917112,routed,v2_rust_layout_tournament,219.18359375
full16,fake_brisbane,16,er50,86005,1,60,297,258,258,251,143,96,96,38,0.09278170000470709,0.11176240001805127,0.44220400000631344,routed,v2_rust_layout_tournament,219.18359375
full16,fake_brisbane,16,er50,86005,2,60,645,468,468,582,246,142,142,84,0.14994040000601672,0.22095879999687895,0.6452847000036854,routed,v2_rust_layout_tournament,219.18359375
full16,fake_brisbane,16,er50,86006,1,60,315,262,262,257,145,91,91,36,0.09466370000154711,0.10022699998808093,0.6136899999983143,routed,v2_rust_layout_tournament,219.18359375
full16,fake_brisbane,16,er50,86006,2,60,682,498,498,590,297,170,170,82,0.14934360000188462,0.15819890002603643,0.7910611999977846,routed,v2_rust_layout_tournament,219.18359375
full16,fake_brisbane,16,er50,86007,1,60,334,256,256,255,147,84,84,36,0.0944558000046527,0.09812619999866001,0.9187472000048729,routed,v2_rust_layout_tournament,219.18359375
full16,fake_brisbane,16,er50,86007,2,60,672,468,468,586,273,171,171,86,0.14462920000369195,0.15754290000768378,1.1251842999918154,routed,v2_rust_layout_tournament,219.18359375
full16,fake_brisbane,16,er50,86008,1,60,323,244,244,249,150,77,77,36,0.08443049999186769,0.08915059998980723,0.4522904000041308,routed,v2_rust_layout_tournament,219.18359375
full16,fake_brisbane,16,er50,86008,2,60,674,493,493,590,261,167,167,82,0.15460409999650437,0.18211199998040684,0.6601611000078265,routed,v2_rust_layout_tournament,219.18359375
full16,fake_brisbane,16,er50,86009,1,60,296,337,337,269,130,108,108,37,0.118663800007198,0.1250045000051614,1.0104761999973562,routed,v2_rust_layout_tournament,219.18359375
full16,fake_brisbane,16,er50,86009,2,60,654,511,511,538,267,166,166,78,0.15420730000187177,0.1628476000041701,0.8621803999994881,routed,v2_rust_layout_tournament,219.18359375
full16,fake_brisbane,16,er75,86000,1,90,432,349,302,294,173,110,48,42,0.13215109999873675,0.3562335000024177,0.4166728999989573,routed,v2_rust_dense_line_search,219.18359375
full16,fake_brisbane,16,er75,86000,2,90,855,735,637,655,291,243,94,94,0.25628680000954773,0.6387087999901269,1.0513510000018869,routed,v2_rust_dense_line_search,219.18359375
full16,fake_brisbane,16,er75,86001,1,90,405,362,300,298,183,109,44,42,0.12756829999852926,0.3577188000199385,1.3516264999925625,routed,v2_rust_dense_line_search,219.18359375
full16,fake_brisbane,16,er75,86001,2,90,929,661,641,637,326,194,94,88,0.2158369000098901,0.5422321000078227,1.7251233999995748,routed,v2_rust_dense_line_search,219.18359375
full16,fake_brisbane,16,er75,86002,1,90,455,443,324,322,210,171,51,45,0.16966049998882227,0.4622795000032056,2.31879590000608,routed,v2_rust_dense_line_search,219.18359375
full16,fake_brisbane,16,er75,86002,2,90,921,695,604,628,331,221,92,90,0.22230589999526273,0.5471767999988515,2.611854400005541,routed,v2_rust_dense_line_search,219.18359375
full16,fake_brisbane,16,er75,86003,1,90,419,429,302,304,172,140,44,42,0.18246389999694657,0.403075300011551,1.7398581000015838,routed,v2_rust_dense_line_search,219.18359375
full16,fake_brisbane,16,er75,86003,2,90,895,661,639,645,334,196,90,88,0.2745546999940416,0.6033963000227232,2.053124600002775,routed,v2_rust_dense_line_search,219.18359375
full16,fake_brisbane,16,er75,86004,1,90,396,336,318,300,149,111,49,42,0.1182598000013968,0.34830199999851175,0.8670973999978742,routed,v2_rust_dense_line_search,219.18359375
full16,fake_brisbane,16,er75,86004,2,90,893,843,596,645,304,249,94,90,0.2852208999975119,0.6089018000056967,0.6705826999968849,routed,v2_rust_dense_line_search,219.18359375
full16,fake_brisbane,16,er75,86005,1,90,412,474,300,302,189,138,46,44,0.1959089000010863,0.4255508999922313,0.8753737999941222,routed,v2_rust_dense_line_search,219.18359375
full16,fake_brisbane,16,er75,86005,2,90,923,818,641,639,386,297,96,88,0.2960285000008298,0.6921699999948032,1.4033094000042183,routed,v2_rust_dense_line_search,219.18359375
full16,fake_brisbane,16,er75,86006,1,90,420,397,320,298,174,131,49,42,0.1595206999918446,0.3927696000027936,1.5724608000018634,routed,v2_rust_dense_line_search,219.18359375
full16,fake_brisbane,16,er75,86006,2,90,930,930,598,629,324,324,94,86,1.1343010999989929,1.3393358000030275,1.6238791999930982,stock_fallback,v2_rust_dense_line_search,219.18359375
full16,fake_brisbane,16,er75,86007,1,90,384,384,341,343,128,128,52,48,1.0821640000067418,1.3329757000028621,2.323013600005652,stock_fallback,v2_rust_dense_line_search,219.18359375
full16,fake_brisbane,16,er75,86007,2,90,933,933,662,676,356,356,94,94,1.1902711000002455,1.350435500004096,2.617205400005332,stock_fallback,v2_rust_dense_line_search,219.18359375
full16,fake_brisbane,16,er75,86008,1,90,424,355,341,349,173,123,50,48,0.15236630001163576,0.3932935000048019,2.3235634000011487,routed,v2_rust_dense_line_search,219.18359375
full16,fake_brisbane,16,er75,86008,2,90,911,665,665,688,359,240,240,94,0.22125980000419077,0.5951214999950025,2.747594400003436,routed,v2_rust_dense_beam,219.18359375
full16,fake_brisbane,16,er75,86009,1,90,407,356,341,345,189,134,52,48,0.12307710001186933,0.33878639998147264,2.315760400000727,routed,v2_rust_dense_line_search,219.18359375
full16,fake_brisbane,16,er75,86009,2,90,873,709,664,680,317,236,94,98,0.23449980000441428,0.5587041000253521,2.6084698000049684,routed,v2_rust_dense_line_search,219.18359375
scaling,fake_brisbane,16,medium50,94000,1,60,284,275,275,249,138,87,87,36,0.10234919999493286,0.10567449999507517,0.569630900004995,routed,v2_rust_layout_tournament,219.18359375
scaling,fake_brisbane,16,medium50,94000,2,60,687,493,493,594,260,165,165,82,0.15300039999419823,0.15700330000254326,0.6520866999926511,routed,v2_rust_layout_tournament,219.18359375
scaling,fake_brisbane,16,medium50,94001,1,60,296,292,292,257,149,111,111,38,0.10785410000244156,0.11783820000709966,0.7411857999977656,routed,v2_rust_layout_tournament,219.18359375
scaling,fake_brisbane,16,medium50,94001,2,60,701,460,460,592,242,155,155,84,0.14852099999552593,0.16022370001883246,0.8243221000011545,routed,v2_rust_layout_tournament,219.18359375
scaling,fake_brisbane,16,medium50,94002,1,60,298,255,255,255,126,91,91,38,0.08747099999163765,0.0896673999959603,1.165583299996797,routed,v2_rust_layout_tournament,219.18359375
scaling,fake_brisbane,16,medium50,94002,2,60,676,457,457,588,282,144,144,84,0.14769680000608787,0.2114391999784857,1.4098804000095697,routed,v2_rust_layout_tournament,219.18359375
scaling,fake_brisbane,16,dense75,94000,1,90,424,338,322,306,162,111,55,44,0.1242394000000786,0.3725756000203546,0.34760999999707565,routed,v2_rust_dense_line_search,219.18359375
scaling,fake_brisbane,16,dense75,94000,2,90,915,915,598,647,328,328,96,90,1.1372584999917308,1.3392726999882143,0.6307340000057593,stock_fallback,v2_rust_dense_line_search,219.18359375
scaling,fake_brisbane,16,dense75,94001,1,90,411,328,328,349,170,110,110,48,0.118550300001516,0.3505097999877762,2.3053651999944123,routed,v2_rust_dense_beam,219.18359375
scaling,fake_brisbane,16,dense75,94001,2,90,864,807,660,686,301,283,94,94,0.30648670000664424,0.6957643999776337,2.607561800003168,routed,v2_rust_dense_line_search,219.18359375
scaling,fake_brisbane,16,dense75,94002,1,90,412,399,318,304,172,140,49,42,0.17364719999022782,0.41849829998682253,1.713953099999344,routed,v2_rust_dense_line_search,219.18359375
scaling,fake_brisbane,16,dense75,94002,2,90,887,778,576,643,288,260,90,88,0.3090082999988226,0.620745899999747,1.9568118000024697,routed,v2_rust_dense_line_search,219.18359375
scaling,fake_brisbane,20,medium50,94000,1,95,535,462,462,431,192,139,139,50,0.18230770000081975,0.19253639999078587,2.387559599999804,routed,v2_rust_layout_tournament,219.18359375
scaling,fake_brisbane,20,medium50,94000,2,95,1177,1177,1177,960,404,404,404,108,1.1731920000020182,1.2525344000023324,2.6822433000052115,stock_fallback,v2_stock_search_fallback,219.18359375
scaling,fake_brisbane,20,medium50,94001,1,95,559,490,490,453,224,144,144,51,0.1868951000069501,0.1970285999996122,2.403003599989461,routed,v2_rust_layout_tournament,219.18359375
scaling,fake_brisbane,20,medium50,94001,2,95,1173,969,969,880,361,260,260,102,0.38192010000057053,0.39313700000639074,2.672496700004558,routed,v2_rust_layout_tournament,219.18359375
scaling,fake_brisbane,20,medium50,94002,1,95,520,475,475,461,187,127,127,51,0.20511670000269078,0.21839329999056645,2.408254099995247,routed,v2_rust_layout_tournament,219.18359375
scaling,fake_brisbane,20,medium50,94002,2,95,1142,825,825,894,420,235,235,98,0.2936340000014752,0.3051628000102937,2.675477500000852,routed,v2_rust_layout_tournament,219.18359375
scaling,fake_brisbane,20,dense75,94000,1,142,737,737,496,498,302,302,58,56,1.115726200005156,1.3478533000161406,2.6987980999983847,stock_fallback,v2_rust_dense_line_search,222.08984375
scaling,fake_brisbane,20,dense75,94000,2,142,1503,1252,1041,1045,470,377,120,114,0.596541699997033,1.1439344999962486,3.0928539000015007,routed,v2_rust_dense_line_search,227.80859375
scaling,fake_brisbane,20,dense75,94001,1,142,708,708,492,492,265,265,58,54,1.1194002000120236,1.353082000016002,2.6009388000093168,stock_fallback,v2_rust_dense_line_search,227.80859375
scaling,fake_brisbane,20,dense75,94001,2,142,1550,1550,1031,1025,506,506,120,112,1.216391099995235,1.5757661000243388,3.10380769999756,stock_fallback,v2_rust_dense_line_search,236.12109375
scaling,fake_brisbane,20,dense75,94002,1,142,700,761,494,488,255,199,60,52,0.40394029999151826,0.7413087000022642,2.5461469999863766,routed,v2_rust_dense_line_search,236.12109375
scaling,fake_brisbane,20,dense75,94002,2,142,1500,1500,1035,1029,460,460,122,110,1.275510099992971,1.5248199999914505,3.007598099997267,stock_fallback,v2_rust_dense_line_search,236.12109375
scaling,fake_brisbane,24,medium50,94000,1,138,840,724,724,663,228,179,179,60,0.3409945000021253,0.36022840000805445,2.582158500008518,routed,v2_rust_layout_tournament,236.12109375
scaling,fake_brisbane,24,medium50,94000,2,138,1775,1509,1509,1446,480,377,377,130,0.7779653000034159,0.8593202999909408,3.051514800012228,routed,v2_rust_layout_tournament,236.12109375
scaling,fake_brisbane,24,medium50,94001,1,138,836,836,836,775,263,263,263,72,1.132774800003972,1.1387643000052776,2.510302100010449,stock_fallback,v2_stock_search_fallback,236.12109375
scaling,fake_brisbane,24,medium50,94001,2,138,1789,1789,1789,1550,529,529,529,142,1.304818399992655,1.2579991000238806,3.0042183000041405,stock_fallback,v2_stock_search_fallback,236.12109375
scaling,fake_brisbane,24,medium50,94002,1,138,823,767,767,789,266,206,206,74,0.3881171999964863,0.400846200005617,2.5769665999978315,routed,v2_rust_layout_tournament,236.12109375
scaling,fake_brisbane,24,medium50,94002,2,138,1749,1383,1383,1572,522,388,388,144,0.6560322000004817,0.7053138999908697,3.055009699994116,routed,v2_rust_layout_tournament,237.01171875
scaling,fake_brisbane,24,dense75,94000,1,207,1039,1039,728,744,329,329,68,68,1.1637064999958966,1.4910492000053637,2.780442799994489,stock_fallback,v2_rust_dense_line_search,237.01171875
scaling,fake_brisbane,24,dense75,94000,2,207,2302,2302,1521,1541,634,634,142,142,1.3162756999954581,1.6670513999997638,3.4643359999899985,stock_fallback,v2_rust_dense_line_search,242.07421875
scaling,fake_brisbane,24,dense75,94001,1,207,1085,1085,766,811,371,371,75,72,1.168160999994143,1.4932932000083383,2.7219174000056228,stock_fallback,v2_rust_dense_line_search,242.07421875
scaling,fake_brisbane,24,dense75,94001,2,207,2341,2341,1458,1608,561,561,140,146,1.3352729999896837,1.658727900008671,3.3843820999900345,stock_fallback,v2_rust_dense_line_search,242.07421875
scaling,fake_brisbane,24,dense75,94002,1,207,1116,1116,785,809,400,400,74,74,1.1631258000124944,1.4346038000076078,2.72885130000941,stock_fallback,v2_rust_dense_line_search,242.07421875
scaling,fake_brisbane,24,dense75,94002,2,207,2167,2167,1552,1598,633,633,140,144,1.3776464000111446,1.7354021999926772,3.36231629998656,stock_fallback,v2_rust_dense_line_search,247.67578125
full16,fake_kyiv,16,medium50,86000,1,60,296,260,260,245,143,84,84,34,0.08983519999310374,0.16670060000615194,0.5986185999936424,routed,v2_rust_layout_tournament,247.67578125
full16,fake_kyiv,16,medium50,86000,2,60,653,449,449,580,283,141,141,80,0.1439474000071641,0.1456762999878265,0.8230720000137808,routed,v2_rust_layout_tournament,247.67578125
full16,fake_kyiv,16,medium50,86001,1,60,263,232,232,245,111,82,82,34,0.08425269999133889,0.09115540000493638,0.7415209999890067,routed,v2_rust_layout_tournament,247.67578125
full16,fake_kyiv,16,medium50,86001,2,60,668,460,460,590,248,151,151,86,0.13927260000491515,0.21299550001276657,0.9252288999996381,routed,v2_rust_layout_tournament,247.67578125
full16,fake_kyiv,16,medium50,86002,1,60,298,216,216,281,126,64,64,41,0.07825239999510814,0.0820813000027556,1.1150629000039771,routed,v2_rust_layout_tournament,247.67578125
full16,fake_kyiv,16,medium50,86002,2,60,646,456,456,546,262,141,141,80,0.14010910000069998,0.15062820000457577,1.1723568000015803,routed,v2_rust_layout_tournament,247.67578125
full16,fake_kyiv,16,medium50,86003,1,60,307,255,255,265,152,88,88,37,0.09450289999949746,0.10121369999251328,0.8256222000054549,routed,v2_rust_layout_tournament,247.67578125
full16,fake_kyiv,16,medium50,86003,2,60,612,462,462,522,216,156,156,76,0.1559458999981871,0.14714549999916926,1.1052078999928199,routed,v2_rust_layout_tournament,247.67578125
full16,fake_kyiv,16,medium50,86004,1,60,280,241,241,247,125,83,83,36,0.09071619999303948,0.09498039999743924,0.5224645999987843,routed,v2_rust_layout_tournament,247.67578125
full16,fake_kyiv,16,medium50,86004,2,60,640,452,452,580,252,144,144,84,0.14511710000806488,0.17086459998972714,0.7060946999990847,routed,v2_rust_layout_tournament,247.67578125
full16,fake_kyiv,16,medium50,86005,1,60,307,222,222,253,138,84,84,38,0.08224889999837615,0.08909359999233857,0.5694260000018403,routed,v2_rust_layout_tournament,247.67578125
full16,fake_kyiv,16,medium50,86005,2,60,685,460,460,582,245,137,137,84,0.14546459999110084,0.1551659999822732,0.9709951999975601,routed,v2_rust_layout_tournament,247.67578125
full16,fake_kyiv,16,medium50,86006,1,60,313,268,268,255,148,108,108,36,0.15582090000680182,0.1029493999958504,0.8035925000003772,routed,v2_rust_layout_tournament,247.67578125
full16,fake_kyiv,16,medium50,86006,2,60,657,498,498,598,214,130,130,86,0.14907670000684448,0.15621159999864176,1.0576191000000108,routed,v2_rust_layout_tournament,247.67578125
full16,fake_kyiv,16,medium50,86007,1,60,303,242,242,251,122,77,77,38,0.08649590000277385,0.09145240002544597,0.6555023999972036,routed,v2_rust_layout_tournament,247.67578125
full16,fake_kyiv,16,medium50,86007,2,60,676,512,512,592,243,165,165,84,0.2128596000111429,0.23123299999861047,0.809448899992276,routed,v2_rust_layout_tournament,247.67578125
full16,fake_kyiv,16,medium50,86008,1,60,324,272,272,247,137,88,88,34,0.10172410000814125,0.10494160000234842,0.416801100000157,routed,v2_rust_layout_tournament,247.67578125
full16,fake_kyiv,16,medium50,86008,2,60,671,466,466,570,255,156,156,80,0.1364303000009386,0.1452712999889627,0.6209921999979997,routed,v2_rust_layout_tournament,247.67578125
full16,fake_kyiv,16,medium50,86009,1,60,275,254,254,257,131,93,93,38,0.08827449999807868,0.09248799999477342,0.4719265000021551,routed,v2_rust_layout_tournament,247.67578125
full16,fake_kyiv,16,medium50,86009,2,60,672,517,517,598,267,157,157,88,0.1686924999958137,0.1754075000062585,0.6084018999972614,routed,v2_rust_layout_tournament,247.67578125
full16,fake_kyiv,16,dense75,86000,1,90,403,405,300,298,160,129,44,42,0.15812239999650046,0.3867532000003848,0.4585801000066567,routed,v2_rust_dense_line_search,247.67578125
full16,fake_kyiv,16,dense75,86000,2,90,867,693,637,641,286,214,90,90,0.288057600002503,0.6379481000185478,0.6598826999979792,routed,v2_rust_dense_line_search,247.67578125
full16,fake_kyiv,16,dense75,86001,1,90,411,309,304,302,177,89,44,44,0.11254699999699369,0.34084389999043196,1.4373686000035377,routed,v2_rust_dense_line_search,247.67578125
full16,fake_kyiv,16,dense75,86001,2,90,874,637,637,637,313,208,208,90,0.20819950000441168,0.5545901000150479,1.741180600001826,routed,v2_rust_dense_beam,247.67578125
full16,fake_kyiv,16,dense75,86002,1,90,415,335,304,302,181,106,46,42,0.12275550000777002,0.3519089999899734,1.9784496999927796,routed,v2_rust_dense_line_search,247.67578125
full16,fake_kyiv,16,dense75,86002,2,90,898,641,641,647,303,210,210,92,0.20924070000182837,0.6086648000054993,2.068859999999404,routed,v2_rust_dense_beam,247.67578125
full16,fake_kyiv,16,dense75,86003,1,90,400,328,308,308,187,93,48,44,0.11819459999969695,0.3467963000002783,1.3670442999864463,routed,v2_rust_dense_line_search,247.67578125
full16,fake_kyiv,16,dense75,86003,2,90,831,831,643,641,287,287,94,92,1.1346811999974307,1.349318199994741,1.0510384000081103,stock_fallback,v2_rust_dense_line_search,247.67578125
full16,fake_kyiv,16,dense75,86004,1,90,360,343,308,296,148,104,48,40,0.11610959999961779,0.35383820001152344,1.0479137000074843,routed,v2_rust_dense_line_search,247.67578125
full16,fake_kyiv,16,dense75,86004,2,90,874,704,647,633,304,227,98,86,0.23354149999795482,0.6301819999935105,1.3410040000017034,routed,v2_rust_dense_line_search,247.67578125
full16,fake_kyiv,16,dense75,86005,1,90,402,367,306,298,166,123,44,42,0.12037639999471139,0.3620189999928698,1.2401436999934958,routed,v2_rust_dense_line_search,247.67578125
full16,fake_kyiv,16,dense75,86005,2,90,892,685,643,647,304,257,90,92,0.2211898000095971,0.5497956000035629,2.4871284999971977,routed,v2_rust_dense_line_search,247.67578125
full16,fake_kyiv,16,dense75,86006,1,90,384,378,316,302,170,122,47,42,0.14066960000491235,0.4351283000141848,0.4809302000066964,routed,v2_rust_dense_line_search,247.67578125
full16,fake_kyiv,16,dense75,86006,2,90,917,728,590,641,342,253,92,88,0.2504281000001356,0.5947612999880221,0.7397221999999601,routed,v2_rust_dense_line_search,247.67578125
full16,fake_kyiv,16,dense75,86007,1,90,428,361,304,302,219,113,42,42,0.18237460000091232,0.3688139999867417,0.4717160000000149,routed,v2_rust_dense_line_search,247.67578125
full16,fake_kyiv,16,dense75,86007,2,90,959,674,653,641,361,237,92,88,0.20838920000824146,0.7045329000102356,0.7602588000008836,routed,v2_rust_dense_line_search,247.67578125
full16,fake_kyiv,16,dense75,86008,1,90,436,367,302,300,216,118,46,42,0.13343669999449048,0.36220209999009967,0.4839702000026591,routed,v2_rust_dense_line_search,247.67578125
full16,fake_kyiv,16,dense75,86008,2,90,864,713,647,649,309,227,96,88,0.2281306999939261,0.5954031000146642,0.9762253999942914,routed,v2_rust_dense_line_search,247.67578125
full16,fake_kyiv,16,dense75,86009,1,90,384,318,318,330,162,94,94,47,0.11502789999940433,0.3591611000010744,2.3132209000032162,routed,v2_rust_dense_beam,247.67578125
full16,fake_kyiv,16,dense75,86009,2,90,888,862,588,653,360,300,92,92,0.3362537999928463,0.7575563999998849,1.7682624999870313,routed,v2_rust_dense_line_search,247.67578125
full16,fake_kyiv,16,er50,86000,1,60,313,242,242,245,108,81,81,34,0.08706760000495706,0.09293300000717863,0.5377922000043327,routed,v2_rust_layout_tournament,247.67578125
full16,fake_kyiv,16,er50,86000,2,60,677,465,465,578,271,145,145,80,0.14398360000632238,0.15271219998248853,0.7241253000102006,routed,v2_rust_layout_tournament,247.67578125
full16,fake_kyiv,16,er50,86001,1,60,309,290,290,286,137,94,94,40,0.09910249999666121,0.10659599999780767,0.283265099991695,routed,v2_rust_layout_tournament,247.67578125
full16,fake_kyiv,16,er50,86001,2,60,675,484,484,617,263,191,191,86,0.14801299999817275,0.15641779999714345,0.4146586999995634,routed,v2_rust_layout_tournament,247.67578125
full16,fake_kyiv,16,er50,86002,1,60,305,260,260,253,133,85,85,38,0.09221619999152608,0.0974032000231091,0.4536579999985406,routed,v2_rust_layout_tournament,247.67578125
full16,fake_kyiv,16,er50,86002,2,60,670,491,491,592,276,173,173,88,0.15239920000021812,0.1627032000105828,0.7193292000010842,routed,v2_rust_layout_tournament,247.67578125
full16,fake_kyiv,16,er50,86003,1,60,312,285,285,247,147,95,95,36,0.10862919999635778,0.10460600000806153,0.25382129999343306,routed,v2_rust_layout_tournament,247.67578125
full16,fake_kyiv,16,er50,86003,2,60,665,465,465,586,261,155,155,82,0.1521299000014551,0.16050849997554906,0.4685553000017535,routed,v2_rust_layout_tournament,247.67578125
full16,fake_kyiv,16,er50,86004,1,60,306,268,268,245,149,90,90,34,0.10211430001072586,0.10767500000656582,0.4875348000059603,routed,v2_rust_layout_tournament,247.67578125
full16,fake_kyiv,16,er50,86004,2,60,677,473,473,582,264,167,167,80,0.14742779999505728,0.17387209998560138,0.6927921999886166,routed,v2_rust_layout_tournament,247.67578125
full16,fake_kyiv,16,er50,86005,1,60,297,258,258,249,143,96,96,38,0.09378370000922587,0.17160429997602478,0.35755670000799,routed,v2_rust_layout_tournament,247.67578125
full16,fake_kyiv,16,er50,86005,2,60,645,475,475,586,246,174,174,88,0.14250020000326913,0.15334099999745376,0.5779617000080179,routed,v2_rust_layout_tournament,247.67578125
full16,fake_kyiv,16,er50,86006,1,60,315,289,289,257,145,99,99,36,0.16049200000998098,0.10667199999443255,0.6563313000078779,routed,v2_rust_layout_tournament,247.67578125
full16,fake_kyiv,16,er50,86006,2,60,682,485,485,590,297,160,160,82,0.1536026999965543,0.1655871999973897,0.8953517000045395,routed,v2_rust_layout_tournament,247.67578125
full16,fake_kyiv,16,er50,86007,1,60,334,258,258,255,147,86,86,36,0.09021670000220183,0.09496399998897687,0.70496929998626,routed,v2_rust_layout_tournament,247.67578125
full16,fake_kyiv,16,er50,86007,2,60,672,468,468,586,273,159,159,86,0.1391663999966113,0.1503173999954015,0.6719793000083882,routed,v2_rust_layout_tournament,247.67578125
full16,fake_kyiv,16,er50,86008,1,60,323,246,246,251,150,79,79,36,0.08797220000997186,0.08937000000150874,0.4669675000041025,routed,v2_rust_layout_tournament,247.67578125
full16,fake_kyiv,16,er50,86008,2,60,674,491,491,590,261,159,159,82,0.157754500003648,0.1676523000060115,0.658194600007846,routed,v2_rust_layout_tournament,247.67578125
full16,fake_kyiv,16,er50,86009,1,60,296,279,279,277,130,109,109,39,0.09726160000718664,0.10404060001019388,0.4323337999958312,routed,v2_rust_layout_tournament,247.67578125
full16,fake_kyiv,16,er50,86009,2,60,654,477,477,532,267,160,160,78,0.15431979999993928,0.16373960001510568,0.5819038000045111,routed,v2_rust_layout_tournament,247.67578125
full16,fake_kyiv,16,er75,86000,1,90,432,347,302,294,173,108,48,42,0.1271507999917958,0.3549219999986235,0.4203887999901781,routed,v2_rust_dense_line_search,247.67578125
full16,fake_kyiv,16,er75,86000,2,90,855,767,637,635,291,250,94,88,0.318826499991701,0.6478034000028856,0.7089531999954488,routed,v2_rust_dense_line_search,247.67578125
full16,fake_kyiv,16,er75,86001,1,90,405,336,300,298,183,100,44,42,0.12308010000560898,0.34588870001607575,1.2629593000019668,routed,v2_rust_dense_line_search,247.67578125
full16,fake_kyiv,16,er75,86001,2,90,929,662,641,637,326,197,94,88,0.2147038999974029,0.5406651999801397,1.4983848999982001,routed,v2_rust_dense_line_search,247.67578125
full16,fake_kyiv,16,er75,86002,1,90,455,397,324,322,210,142,51,45,0.15255830000387505,0.44779689999995753,2.340132600002107,routed,v2_rust_dense_line_search,247.67578125
full16,fake_kyiv,16,er75,86002,2,90,921,663,604,628,331,220,92,90,0.23256260000925977,0.5821077000000514,2.6176778999943053,routed,v2_rust_dense_line_search,247.67578125
full16,fake_kyiv,16,er75,86003,1,90,419,428,302,304,172,146,44,42,0.16827999999804888,0.3997105000016745,1.7216066000110004,routed,v2_rust_dense_line_search,247.67578125
full16,fake_kyiv,16,er75,86003,2,90,895,661,639,645,334,196,90,88,0.23091060000297148,0.6398488999984693,1.789776499994332,routed,v2_rust_dense_line_search,247.67578125
full16,fake_kyiv,16,er75,86004,1,90,396,335,318,300,149,113,49,42,0.12080230000719894,0.3593591999961063,0.6160281999909785,routed,v2_rust_dense_line_search,247.67578125
full16,fake_kyiv,16,er75,86004,2,90,893,649,596,637,304,198,94,90,0.2607095000130357,0.5274494999903254,0.8089477000030456,routed,v2_rust_dense_line_search,247.67578125
full16,fake_kyiv,16,er75,86005,1,90,412,412,300,302,189,189,46,44,1.082217999995919,1.2502101000281982,0.8760533000022406,stock_fallback,v2_rust_dense_line_search,247.67578125
full16,fake_kyiv,16,er75,86005,2,90,923,778,641,647,386,274,96,88,0.27753130000201054,0.6731746000004932,2.6303493000013987,routed,v2_rust_dense_line_search,247.67578125
full16,fake_kyiv,16,er75,86006,1,90,420,351,320,322,174,124,49,45,0.11874580000585411,0.3491416000179015,2.325808599998709,routed,v2_rust_dense_line_search,247.67578125
full16,fake_kyiv,16,er75,86006,2,90,930,930,598,629,324,324,94,86,1.137887499993667,1.3421434999909252,1.6348397999972804,stock_fallback,v2_rust_dense_line_search,247.67578125
full16,fake_kyiv,16,er75,86007,1,90,384,416,341,343,128,120,52,48,0.22015429999737535,0.39425469998968765,2.322229699988384,routed,v2_rust_dense_line_search,247.67578125
full16,fake_kyiv,16,er75,86007,2,90,933,933,662,676,356,356,94,94,1.148322699998971,1.42437140000402,2.6227978999959305,stock_fallback,v2_rust_dense_line_search,247.67578125
full16,fake_kyiv,16,er75,86008,1,90,424,402,341,349,173,115,50,48,0.14874889999919105,0.39198929999838583,2.319483900006162,routed,v2_rust_dense_line_search,247.67578125
full16,fake_kyiv,16,er75,86008,2,90,911,663,663,688,359,218,218,94,0.22247580000839662,0.554118500003824,2.594230200003949,routed,v2_rust_dense_beam,247.67578125
full16,fake_kyiv,16,er75,86009,1,90,407,334,334,345,189,110,110,48,0.11839409999083728,0.37726839998504147,2.314512899989495,routed,v2_rust_dense_beam,247.67578125
full16,fake_kyiv,16,er75,86009,2,90,873,709,664,680,317,236,94,98,0.2396221999952104,0.6615755999810062,2.6657544000045164,routed,v2_rust_dense_line_search,247.67578125
scaling,fake_kyiv,16,medium50,94000,1,60,284,286,286,257,138,115,115,36,0.10016339999856427,0.10540579998632893,0.4632282000093255,routed,v2_rust_layout_tournament,247.67578125
scaling,fake_kyiv,16,medium50,94000,2,60,687,476,476,586,260,148,148,82,0.15138100000331178,0.1595880999811925,0.6687086000019917,routed,v2_rust_layout_tournament,247.67578125
scaling,fake_kyiv,16,medium50,94001,1,60,296,323,323,257,149,102,102,38,0.11892619999707676,0.1273149999906309,0.7641966000082903,routed,v2_rust_layout_tournament,247.67578125
scaling,fake_kyiv,16,medium50,94001,2,60,701,498,498,580,242,163,163,82,0.15522889999556355,0.16315819998271763,1.1732883000076981,routed,v2_rust_layout_tournament,247.67578125
scaling,fake_kyiv,16,medium50,94002,1,60,298,255,255,255,126,93,93,38,0.08684620000713039,0.08950810000533238,1.3160764999920502,routed,v2_rust_layout_tournament,247.67578125
scaling,fake_kyiv,16,medium50,94002,2,60,676,463,463,588,282,137,137,84,0.1498208999983035,0.15588479998405091,1.130160300002899,routed,v2_rust_layout_tournament,247.67578125
scaling,fake_kyiv,16,dense75,94000,1,90,424,327,322,306,162,126,55,44,0.11783709999872372,0.41502389998640865,0.3471772000048077,routed,v2_rust_dense_line_search,247.67578125
scaling,fake_kyiv,16,dense75,94000,2,90,915,660,598,647,328,203,96,90,0.2081971000006888,0.5307717000250705,0.6398953000025358,routed,v2_rust_dense_line_search,247.67578125
scaling,fake_kyiv,16,dense75,94001,1,90,411,325,325,349,170,99,99,48,0.11912859999574721,0.3491385000234004,2.3755326999962563,routed,v2_rust_dense_beam,247.67578125
scaling,fake_kyiv,16,dense75,94001,2,90,864,783,660,686,301,252,94,94,0.28035399998771027,0.6786398999975063,2.6042949999973644,routed,v2_rust_dense_line_search,247.67578125
scaling,fake_kyiv,16,dense75,94002,1,90,412,381,318,304,172,133,49,42,0.15440030000172555,0.38867459999164566,1.6888459000037983,routed,v2_rust_dense_line_search,247.67578125
scaling,fake_kyiv,16,dense75,94002,2,90,887,777,576,643,288,245,90,88,0.3289573000074597,0.5949417999945581,1.9001732999895466,routed,v2_rust_dense_line_search,247.67578125
scaling,fake_kyiv,20,medium50,94000,1,95,535,445,445,431,192,127,127,50,0.17790699999022763,0.18375909997848794,2.3696599999966566,routed,v2_rust_layout_tournament,247.67578125
scaling,fake_kyiv,20,medium50,94000,2,95,1177,883,883,960,404,256,256,108,0.40924140000424813,0.3650981000100728,2.683122500005993,routed,v2_rust_layout_tournament,247.67578125
scaling,fake_kyiv,20,medium50,94001,1,95,559,435,435,453,224,132,132,51,0.17318660000455566,0.1802867999940645,2.3604901999933645,routed,v2_rust_layout_tournament,247.67578125
scaling,fake_kyiv,20,medium50,94001,2,95,1173,1173,1173,880,361,361,361,102,1.2287401999928989,1.2543571999995038,2.668573999995715,stock_fallback,v2_stock_search_fallback,247.67578125
scaling,fake_kyiv,20,medium50,94002,1,95,520,452,452,461,187,125,125,51,0.1806531000038376,0.1885251000057906,2.3610533000028227,routed,v2_rust_layout_tournament,247.67578125
scaling,fake_kyiv,20,medium50,94002,2,95,1142,848,848,894,420,272,272,98,0.29516190000867937,0.31534289999399334,2.70220960000006,routed,v2_rust_layout_tournament,247.67578125
scaling,fake_kyiv,20,dense75,94000,1,142,737,737,496,498,302,302,58,56,1.120137199992314,1.3520917000132613,2.6976538999879267,stock_fallback,v2_rust_dense_line_search,247.67578125
scaling,fake_kyiv,20,dense75,94000,2,142,1503,1503,1041,1045,470,470,120,114,1.2126242000085767,1.5131098999991082,3.1744932000001427,stock_fallback,v2_rust_dense_line_search,247.67578125
scaling,fake_kyiv,20,dense75,94001,1,142,708,708,492,492,265,265,58,54,1.1222841999988304,1.4094768000068143,2.6030174999905284,stock_fallback,v2_rust_dense_line_search,247.67578125
scaling,fake_kyiv,20,dense75,94001,2,142,1550,1550,1031,1025,506,506,120,112,1.2864592000114499,1.534248599986313,3.0650382000021636,stock_fallback,v2_rust_dense_line_search,247.67578125
scaling,fake_kyiv,20,dense75,94002,1,142,700,782,494,488,255,198,60,52,0.4195146999991266,0.7457093999837525,2.5506354000099236,routed,v2_rust_dense_line_search,247.67578125
scaling,fake_kyiv,20,dense75,94002,2,142,1500,1500,1035,1029,460,460,122,110,1.2122758000041358,1.5964047000161372,3.029434099997161,stock_fallback,v2_rust_dense_line_search,247.67578125
scaling,fake_kyiv,24,medium50,94000,1,138,840,690,690,663,228,174,174,60,0.3248528000112856,0.34100019998732023,2.5920037000032607,routed,v2_rust_layout_tournament,247.67578125
scaling,fake_kyiv,24,medium50,94000,2,138,1775,1424,1424,1446,480,368,368,130,0.7091855000035139,0.7304495999997016,3.0633723000064492,routed,v2_rust_layout_tournament,247.67578125
scaling,fake_kyiv,24,medium50,94001,1,138,836,836,836,775,263,263,263,72,1.1430416000075638,1.1619727999786846,2.525351200005389,stock_fallback,v2_stock_search_fallback,247.67578125
scaling,fake_kyiv,24,medium50,94001,2,138,1789,1789,1789,1550,529,529,529,142,1.2565471999987494,1.3490580999932718,3.073359200003324,stock_fallback,v2_stock_search_fallback,247.67578125
scaling,fake_kyiv,24,medium50,94002,1,138,823,721,721,789,266,183,183,74,0.3633006000018213,0.37269239997840486,2.514487599997665,routed,v2_rust_layout_tournament,247.67578125
scaling,fake_kyiv,24,medium50,94002,2,138,1749,1749,1749,1572,522,522,522,144,1.3276674000080675,1.2792125999985728,2.9906237999966834,stock_fallback,v2_stock_search_fallback,247.67578125
scaling,fake_kyiv,24,dense75,94000,1,207,1039,1039,728,744,329,329,68,68,1.153478799998993,1.422149599995464,2.8556540999998106,stock_fallback,v2_rust_dense_line_search,251.921875
scaling,fake_kyiv,24,dense75,94000,2,207,2302,2302,1521,1541,634,634,142,142,1.3188570999918738,1.7626772000221536,3.4796608999895398,stock_fallback,v2_rust_dense_line_search,254.0546875
scaling,fake_kyiv,24,dense75,94001,1,207,1085,1085,766,811,371,371,75,72,1.169824199998402,1.441848399990704,2.785383299997193,stock_fallback,v2_rust_dense_line_search,254.0546875
scaling,fake_kyiv,24,dense75,94001,2,207,2341,2341,1458,1608,561,561,140,146,1.3178082000085851,1.7628871999913827,3.463146499998402,stock_fallback,v2_rust_dense_line_search,254.0546875
scaling,fake_kyiv,24,dense75,94002,1,207,1116,1116,785,809,400,400,74,74,1.1779080999986036,1.4405048999760766,2.793663699994795,stock_fallback,v2_rust_dense_line_search,254.0546875
scaling,fake_kyiv,24,dense75,94002,2,207,2167,2167,1552,1598,633,633,140,144,1.3213007999875117,1.7554981999855954,3.4327571999892825,stock_fallback,v2_rust_dense_line_search,254.0546875
full16,fake_sherbrooke,16,medium50,86000,1,60,296,240,240,245,143,81,81,34,0.08287980000022799,0.1835995000146795,0.6104470999998739,routed,v2_rust_layout_tournament,254.0546875
full16,fake_sherbrooke,16,medium50,86000,2,60,653,460,460,580,283,147,147,80,0.14123120000294875,0.14880639998591505,0.8859741000051145,routed,v2_rust_layout_tournament,254.0546875
full16,fake_sherbrooke,16,medium50,86001,1,60,263,232,232,245,111,82,82,36,0.08860160000040196,0.095267500000773,0.44851180000114255,routed,v2_rust_layout_tournament,254.0546875
full16,fake_sherbrooke,16,medium50,86001,2,60,668,464,464,586,248,151,151,86,0.13471640000352636,0.15693189998273738,0.8731530000077328,routed,v2_rust_layout_tournament,254.0546875
full16,fake_sherbrooke,16,medium50,86002,1,60,298,216,216,281,126,64,64,41,0.08395970000128727,0.08602620000601746,1.010196500006714,routed,v2_rust_layout_tournament,254.0546875
full16,fake_sherbrooke,16,medium50,86002,2,60,646,442,442,546,262,168,168,80,0.13513629999943078,0.1399092999927234,1.3616136999917217,routed,v2_rust_layout_tournament,254.0546875
full16,fake_sherbrooke,16,medium50,86003,1,60,307,262,262,265,152,93,93,37,0.09683450000011362,0.10171839999384247,0.9387044000031892,routed,v2_rust_layout_tournament,254.0546875
full16,fake_sherbrooke,16,medium50,86003,2,60,612,476,476,522,216,171,171,76,0.14548629999626428,0.15230410001822747,1.064699800001108,routed,v2_rust_layout_tournament,254.0546875
full16,fake_sherbrooke,16,medium50,86004,1,60,280,245,245,247,125,66,66,36,0.08973350000451319,0.09281790000386536,0.5253227000066545,routed,v2_rust_layout_tournament,254.0546875
full16,fake_sherbrooke,16,medium50,86004,2,60,640,450,450,580,252,142,142,84,0.13952450000215322,0.22506860000430606,0.7330841999937547,routed,v2_rust_layout_tournament,254.0546875
full16,fake_sherbrooke,16,medium50,86005,1,60,307,224,224,253,138,86,86,38,0.08300990000134334,0.08650480001233518,0.5647542000078829,routed,v2_rust_layout_tournament,254.0546875
full16,fake_sherbrooke,16,medium50,86005,2,60,685,470,470,586,245,160,160,84,0.19682379999721888,0.1534477999957744,0.7577954999869689,routed,v2_rust_layout_tournament,254.0546875
full16,fake_sherbrooke,16,medium50,86006,1,60,313,294,294,255,148,111,111,36,0.10796680000203196,0.11311259999638423,0.8687662000011187,routed,v2_rust_layout_tournament,254.0546875
full16,fake_sherbrooke,16,medium50,86006,2,60,657,505,505,598,214,152,152,86,0.15412259999720845,0.1643103000242263,1.0628428000054555,routed,v2_rust_layout_tournament,254.0546875
full16,fake_sherbrooke,16,medium50,86007,1,60,303,242,242,251,122,77,77,38,0.08752820000518113,0.09306990000186488,0.7065010000078473,routed,v2_rust_layout_tournament,254.0546875
full16,fake_sherbrooke,16,medium50,86007,2,60,676,480,480,592,243,166,166,84,0.14784839999629185,0.15549210002063774,0.8133628000068711,routed,v2_rust_layout_tournament,254.0546875
full16,fake_sherbrooke,16,medium50,86008,1,60,324,272,272,247,137,88,88,34,0.09944579999137204,0.10470799999893643,0.41531080000277143,routed,v2_rust_layout_tournament,254.0546875
full16,fake_sherbrooke,16,medium50,86008,2,60,671,455,455,570,255,145,145,80,0.150998700002674,0.15661229999386705,0.6769048999994993,routed,v2_rust_layout_tournament,254.0546875
full16,fake_sherbrooke,16,medium50,86009,1,60,275,271,271,257,131,90,90,38,0.09201609999581706,0.0951671999937389,0.4291728999960469,routed,v2_rust_layout_tournament,254.0546875
full16,fake_sherbrooke,16,medium50,86009,2,60,672,498,498,598,267,174,174,88,0.15814440000394825,0.16491649998351932,0.6016946000017924,routed,v2_rust_layout_tournament,254.0546875
full16,fake_sherbrooke,16,dense75,86000,1,90,403,430,300,306,160,151,44,44,0.16344109999772627,0.4075421000015922,0.4590743000007933,routed,v2_rust_dense_line_search,254.0546875
full16,fake_sherbrooke,16,dense75,86000,2,90,867,703,637,641,286,255,90,90,0.23650689999340102,0.6286008000024594,0.6536763000040082,routed,v2_rust_dense_line_search,254.0546875
full16,fake_sherbrooke,16,dense75,86001,1,90,411,314,304,302,177,91,44,44,0.1058974999905331,0.3409770000143908,1.4035033999971347,routed,v2_rust_dense_line_search,254.0546875
full16,fake_sherbrooke,16,dense75,86001,2,90,874,874,641,645,313,313,94,90,1.194912300008582,1.341457000002265,1.7175132999982452,stock_fallback,v2_rust_dense_line_search,254.0546875
full16,fake_sherbrooke,16,dense75,86002,1,90,415,454,304,302,181,126,46,42,0.1809573999926215,0.4025057000108063,2.3382228999980725,routed,v2_rust_dense_line_search,254.0546875
full16,fake_sherbrooke,16,dense75,86002,2,90,898,898,643,647,303,303,96,92,1.1383738000004087,1.4155739000125322,2.1054038000002038,stock_fallback,v2_rust_dense_line_search,254.0546875
full16,fake_sherbrooke,16,dense75,86003,1,90,400,400,308,298,187,187,48,42,1.0714868000068236,1.2651849999965634,0.7593903000088176,stock_fallback,v2_rust_dense_line_search,254.0546875
full16,fake_sherbrooke,16,dense75,86003,2,90,831,831,643,641,287,287,94,92,1.1285550000029616,1.405399799987208,1.0684042999928351,stock_fallback,v2_rust_dense_line_search,254.0546875
full16,fake_sherbrooke,16,dense75,86004,1,90,360,360,308,296,148,148,48,40,1.072195799992187,1.2426140999887139,1.0423415999975987,stock_fallback,v2_rust_dense_line_search,254.0546875
full16,fake_sherbrooke,16,dense75,86004,2,90,874,704,647,633,304,229,98,86,0.23280890000751242,0.6218785000091884,1.2864995999989333,routed,v2_rust_dense_line_search,254.0546875
full16,fake_sherbrooke,16,dense75,86005,1,90,402,364,306,298,166,107,44,42,0.12136939998890739,0.3532940000004601,1.0655633999995189,routed,v2_rust_dense_line_search,254.0546875
full16,fake_sherbrooke,16,dense75,86005,2,90,892,697,643,641,304,216,90,92,0.2316038999997545,0.5631927000067662,2.5344224000000395,routed,v2_rust_dense_line_search,254.0546875
full16,fake_sherbrooke,16,dense75,86006,1,90,384,459,316,308,170,171,47,42,0.1772211000061361,0.47653789998730645,0.6128376000124263,routed,v2_rust_dense_line_search,254.0546875
full16,fake_sherbrooke,16,dense75,86006,2,90,917,710,590,645,342,248,92,90,0.2359602999931667,0.5728997999976855,0.9587542999943253,routed,v2_rust_dense_line_search,254.0546875
full16,fake_sherbrooke,16,dense75,86007,1,90,428,452,304,302,219,146,42,42,0.1799444000062067,0.4037557999836281,0.46941430000879336,routed,v2_rust_dense_line_search,254.0546875
full16,fake_sherbrooke,16,dense75,86007,2,90,959,852,653,641,361,273,92,88,0.3175119000079576,0.7385805000085384,0.7605594999913592,routed,v2_rust_dense_line_search,254.0546875
full16,fake_sherbrooke,16,dense75,86008,1,90,436,443,302,296,216,160,46,40,0.19230699999025092,0.4046692000119947,2.2514951000048313,routed,v2_rust_dense_line_search,254.0546875
full16,fake_sherbrooke,16,dense75,86008,2,90,864,896,647,641,309,276,96,94,0.43069030001061037,0.6669241999916267,1.2891801999940071,routed,v2_rust_dense_line_search,254.0546875
full16,fake_sherbrooke,16,dense75,86009,1,90,384,450,320,330,162,141,47,47,0.18161850000615232,0.4210816000122577,2.318956099989009,routed,v2_rust_dense_line_search,254.0546875
full16,fake_sherbrooke,16,dense75,86009,2,90,888,888,588,653,360,360,92,92,1.1291689000063343,1.4432320999912918,1.7610580000036862,stock_fallback,v2_rust_dense_line_search,254.0546875
full16,fake_sherbrooke,16,er50,86000,1,60,313,240,240,245,108,81,81,34,0.09575260001292918,0.09184680000180379,0.5354183000017656,routed,v2_rust_layout_tournament,254.0546875
full16,fake_sherbrooke,16,er50,86000,2,60,677,481,481,578,271,170,170,80,0.14990889999899082,0.15913689997978508,0.723387999998522,routed,v2_rust_layout_tournament,254.0546875
full16,fake_sherbrooke,16,er50,86001,1,60,309,286,286,286,137,95,95,40,0.09900660000857897,0.10523270000703633,0.2227802999987034,routed,v2_rust_layout_tournament,254.0546875
full16,fake_sherbrooke,16,er50,86001,2,60,675,492,492,617,263,174,174,86,0.14644680000492372,0.1514921000052709,0.4200972999969963,routed,v2_rust_layout_tournament,254.0546875
full16,fake_sherbrooke,16,er50,86002,1,60,305,234,234,253,133,94,94,38,0.08633750000444707,0.09033370000543073,0.4508184999867808,routed,v2_rust_layout_tournament,254.0546875
full16,fake_sherbrooke,16,er50,86002,2,60,670,482,482,592,276,165,165,88,0.1494169000070542,0.15728820001822896,0.6585567000001902,routed,v2_rust_layout_tournament,254.0546875
full16,fake_sherbrooke,16,er50,86003,1,60,312,255,255,243,147,93,93,36,0.0962532999983523,0.10132230000454001,0.31371889999718405,routed,v2_rust_layout_tournament,254.0546875
full16,fake_sherbrooke,16,er50,86003,2,60,665,465,465,586,261,155,155,82,0.1470266999967862,0.16244479999295436,0.46877529998891987,routed,v2_rust_layout_tournament,254.0546875
full16,fake_sherbrooke,16,er50,86004,1,60,306,254,254,245,149,87,87,34,0.09143309999490157,0.09886520000873134,0.4848939000075916,routed,v2_rust_layout_tournament,254.0546875
full16,fake_sherbrooke,16,er50,86004,2,60,677,473,473,582,264,167,167,80,0.13894079999590758,0.14768399999593385,0.735849100004998,routed,v2_rust_layout_tournament,254.0546875
full16,fake_sherbrooke,16,er50,86005,1,60,297,320,320,251,143,104,104,38,0.1280098999995971,0.13676809999742545,0.4384426999895368,routed,v2_rust_layout_tournament,254.0546875
full16,fake_sherbrooke,16,er50,86005,2,60,645,458,458,582,246,160,160,84,0.13552989999880083,0.2138688999984879,0.6817962999921292,routed,v2_rust_layout_tournament,254.0546875
full16,fake_sherbrooke,16,er50,86006,1,60,315,257,257,257,145,101,101,36,0.09212770000158343,0.09548390001873486,0.6936663999949815,routed,v2_rust_layout_tournament,254.0546875
full16,fake_sherbrooke,16,er50,86006,2,60,682,500,500,590,297,170,170,82,0.15215390000957996,0.16406029998324811,0.810262099999818,routed,v2_rust_layout_tournament,254.0546875
full16,fake_sherbrooke,16,er50,86007,1,60,334,263,263,255,147,84,84,36,0.0918734000006225,0.09906190002220683,0.5173327999946196,routed,v2_rust_layout_tournament,254.0546875
full16,fake_sherbrooke,16,er50,86007,2,60,672,468,468,586,273,171,171,86,0.1463320000038948,0.158099599997513,1.2783513000031235,routed,v2_rust_layout_tournament,254.0546875
full16,fake_sherbrooke,16,er50,86008,1,60,323,250,250,249,150,76,76,36,0.0854131999949459,0.09014680000836961,0.4559904000052484,routed,v2_rust_layout_tournament,254.0546875
full16,fake_sherbrooke,16,er50,86008,2,60,674,493,493,576,261,167,167,82,0.1627035999990767,0.16695030001574196,0.6373624999978347,routed,v2_rust_layout_tournament,254.0546875
full16,fake_sherbrooke,16,er50,86009,1,60,296,320,320,277,130,91,91,39,0.12617430000682361,0.12027740001212806,0.9699529999925289,routed,v2_rust_layout_tournament,254.0546875
full16,fake_sherbrooke,16,er50,86009,2,60,654,494,494,540,267,168,168,78,0.14955449999251869,0.1793859000026714,1.179716999991797,routed,v2_rust_layout_tournament,254.0546875
full16,fake_sherbrooke,16,er75,86000,1,90,432,377,302,294,173,133,48,42,0.134902100006002,0.3617075000074692,0.4170782000001054,routed,v2_rust_dense_line_search,254.0546875
full16,fake_sherbrooke,16,er75,86000,2,90,855,719,637,635,291,208,94,88,0.26160410000011325,0.6792950000090059,0.774529899994377,routed,v2_rust_dense_line_search,254.0546875
full16,fake_sherbrooke,16,er75,86001,1,90,405,340,300,298,183,114,44,42,0.12841850001132116,0.35396330000367016,1.2905196000065189,routed,v2_rust_dense_line_search,254.0546875
full16,fake_sherbrooke,16,er75,86001,2,90,929,661,641,637,326,194,94,88,0.21838049999496434,0.5415737000002991,1.5762985000037588,routed,v2_rust_dense_line_search,254.0546875
full16,fake_sherbrooke,16,er75,86002,1,90,455,399,324,322,210,141,51,45,0.1554108999989694,0.4576146999897901,2.3832642000052147,routed,v2_rust_dense_line_search,254.0546875
full16,fake_sherbrooke,16,er75,86002,2,90,921,678,604,628,331,239,92,90,0.26602150000690017,0.5429589000123087,2.6208947999984957,routed,v2_rust_dense_line_search,254.0546875
full16,fake_sherbrooke,16,er75,86003,1,90,419,418,302,304,172,154,44,42,0.17475910000212025,0.40401420000125654,1.881929900002433,routed,v2_rust_dense_line_search,254.0546875
full16,fake_sherbrooke,16,er75,86003,2,90,895,661,639,645,334,196,90,88,0.272258500001044,0.6294889000128023,1.782634400005918,routed,v2_rust_dense_line_search,254.0546875
full16,fake_sherbrooke,16,er75,86004,1,90,396,335,318,298,149,113,49,44,0.12040510000952054,0.36388109999825247,0.5315777999931015,routed,v2_rust_dense_line_search,254.0546875
full16,fake_sherbrooke,16,er75,86004,2,90,893,761,596,637,304,239,94,90,0.258583799994085,0.5938502000062726,0.8626126000017393,routed,v2_rust_dense_line_search,254.0546875
full16,fake_sherbrooke,16,er75,86005,1,90,412,456,300,298,189,156,46,42,0.16884949999803212,0.4004979000019375,0.44559239999216516,routed,v2_rust_dense_line_search,254.0546875
full16,fake_sherbrooke,16,er75,86005,2,90,923,923,641,633,386,386,96,88,1.1338541000004625,1.4277930999814998,1.2982502000086242,stock_fallback,v2_rust_dense_line_search,254.0546875
full16,fake_sherbrooke,16,er75,86006,1,90,420,420,320,294,174,174,49,40,1.136516800004756,1.252438199997414,1.346921400006977,stock_fallback,v2_rust_dense_line_search,254.0546875
full16,fake_sherbrooke,16,er75,86006,2,90,930,930,602,629,324,324,94,86,1.1426903999963542,1.435815700009698,1.6290795999957481,stock_fallback,v2_rust_dense_line_search,254.0546875
full16,fake_sherbrooke,16,er75,86007,1,90,384,451,341,343,128,153,52,48,0.17292189999716356,0.42226590000791475,2.3239149000000907,routed,v2_rust_dense_line_search,254.0546875
full16,fake_sherbrooke,16,er75,86007,2,90,933,933,662,676,356,356,94,94,1.1394526999938535,1.438610700017307,2.6348404999880586,stock_fallback,v2_rust_dense_line_search,254.0546875
full16,fake_sherbrooke,16,er75,86008,1,90,424,395,341,349,173,122,50,48,0.15133749999222346,0.3842632000159938,2.3219933999935165,routed,v2_rust_dense_line_search,254.0546875
full16,fake_sherbrooke,16,er75,86008,2,90,911,663,663,688,359,218,218,94,0.22334159999445546,0.5904222000099253,2.6437103999924148,routed,v2_rust_dense_beam,254.0546875
full16,fake_sherbrooke,16,er75,86009,1,90,407,356,341,345,189,134,52,48,0.12043270000140183,0.34336549998261034,2.328275500010932,routed,v2_rust_dense_line_search,254.0546875
full16,fake_sherbrooke,16,er75,86009,2,90,873,701,664,680,317,246,94,98,0.23287719998916145,0.6411083999846596,2.604085099999793,routed,v2_rust_dense_line_search,254.0546875
scaling,fake_sherbrooke,16,medium50,94000,1,60,284,255,255,257,138,86,86,36,0.1001475999946706,0.10263310000300407,0.4561722000071313,routed,v2_rust_layout_tournament,254.0546875
scaling,fake_sherbrooke,16,medium50,94000,2,60,687,493,493,586,260,157,157,82,0.1596505000052275,0.16058399999747053,0.6652321000001393,routed,v2_rust_layout_tournament,254.0546875
scaling,fake_sherbrooke,16,medium50,94001,1,60,296,276,276,253,149,94,94,38,0.17488820001017302,0.10629590001190081,0.6720694000105141,routed,v2_rust_layout_tournament,254.0546875
scaling,fake_sherbrooke,16,medium50,94001,2,60,701,501,501,592,242,162,162,84,0.1570791999984067,0.16585119999945164,0.9164364000025671,routed,v2_rust_layout_tournament,254.0546875
scaling,fake_sherbrooke,16,medium50,94002,1,60,298,273,273,255,126,122,122,38,0.10465060001297388,0.10773930000141263,0.716851899996982,routed,v2_rust_layout_tournament,254.0546875
scaling,fake_sherbrooke,16,medium50,94002,2,60,676,479,479,588,282,154,154,84,0.15136530000017956,0.16066359999240376,0.9029224999976577,routed,v2_rust_layout_tournament,254.0546875
scaling,fake_sherbrooke,16,dense75,94000,1,90,424,450,322,306,162,153,55,44,0.16807860000699293,0.4050507999781985,0.38252189999911934,routed,v2_rust_dense_line_search,254.0546875
scaling,fake_sherbrooke,16,dense75,94000,2,90,915,915,598,647,328,328,96,90,1.1474173000024166,1.4272082000097726,0.6384824999986449,stock_fallback,v2_rust_dense_line_search,254.0546875
scaling,fake_sherbrooke,16,dense75,94001,1,90,411,323,323,349,170,107,107,48,0.11222730000736192,0.34173260000534356,2.3660757999896305,routed,v2_rust_dense_beam,254.0546875
scaling,fake_sherbrooke,16,dense75,94001,2,90,864,787,660,686,301,257,94,94,0.2742867000051774,0.6117056999937631,2.603367200004868,routed,v2_rust_dense_line_search,254.0546875
scaling,fake_sherbrooke,16,dense75,94002,1,90,412,393,318,304,172,142,49,42,0.15127630000642966,0.3748541999957524,1.429810700006783,routed,v2_rust_dense_line_search,254.0546875
scaling,fake_sherbrooke,16,dense75,94002,2,90,887,785,590,643,288,231,90,88,0.3399782999913441,0.6809191999782342,1.8529865000018617,routed,v2_rust_dense_line_search,254.0546875
scaling,fake_sherbrooke,20,medium50,94000,1,95,535,467,467,431,192,138,138,50,0.1893673000013223,0.20115110001643188,2.3690946999995504,routed,v2_rust_layout_tournament,254.0546875
scaling,fake_sherbrooke,20,medium50,94000,2,95,1177,1177,1177,960,404,404,404,108,1.234021299998858,1.1858802000060678,2.695669300010195,stock_fallback,v2_stock_search_fallback,254.0546875
scaling,fake_sherbrooke,20,medium50,94001,1,95,559,442,442,453,224,147,147,51,0.16932590000214987,0.17933980000088923,2.3649442000023555,routed,v2_rust_layout_tournament,254.0546875
scaling,fake_sherbrooke,20,medium50,94001,2,95,1173,924,924,880,361,242,242,102,0.43472959999053273,0.3703348000126425,2.6649998999928357,routed,v2_rust_layout_tournament,254.0546875
scaling,fake_sherbrooke,20,medium50,94002,1,95,520,489,489,461,187,129,129,51,0.20403880000230856,0.22721910002292134,2.368805300007807,routed,v2_rust_layout_tournament,254.0546875
scaling,fake_sherbrooke,20,medium50,94002,2,95,1142,817,817,894,420,233,233,98,0.33991700000478886,0.29676510000717826,2.6815951999888057,routed,v2_rust_layout_tournament,254.0546875
scaling,fake_sherbrooke,20,dense75,94000,1,142,737,737,496,498,302,302,58,56,1.1197425999998813,1.4186610000033397,2.642600199993467,stock_fallback,v2_rust_dense_line_search,254.0546875
scaling,fake_sherbrooke,20,dense75,94000,2,142,1503,1503,1041,1045,470,470,120,114,1.2096908999956213,1.5202914999972563,3.0948227000044426,stock_fallback,v2_rust_dense_line_search,254.0546875
scaling,fake_sherbrooke,20,dense75,94001,1,142,708,708,492,492,265,265,58,54,1.1748237000138033,1.354032000002917,2.598138100001961,stock_fallback,v2_rust_dense_line_search,254.0546875
scaling,fake_sherbrooke,20,dense75,94001,2,142,1550,1550,1031,1025,506,506,120,112,1.22528099999181,1.5927940999972634,3.116290099991602,stock_fallback,v2_rust_dense_line_search,254.0546875
scaling,fake_sherbrooke,20,dense75,94002,1,142,700,700,494,488,255,255,60,52,1.111848500004271,1.3517955999996047,2.5439194000064163,stock_fallback,v2_rust_dense_line_search,254.0546875
scaling,fake_sherbrooke,20,dense75,94002,2,142,1500,1267,1035,1029,460,362,122,110,0.6024684000003617,1.1064389999955893,3.0818856000114465,routed,v2_rust_dense_line_search,254.0546875
scaling,fake_sherbrooke,24,medium50,94000,1,138,840,732,732,663,228,175,175,60,0.33654840000963304,0.42899800001760013,2.5311606000032043,routed,v2_rust_layout_tournament,254.19140625
scaling,fake_sherbrooke,24,medium50,94000,2,138,1775,1468,1468,1446,480,381,381,130,0.7633326000068337,0.7835781999747269,3.018056400003843,routed,v2_rust_layout_tournament,254.19140625
scaling,fake_sherbrooke,24,medium50,94001,1,138,836,836,836,775,263,263,263,72,1.1293374999950174,1.1422212999896146,2.5169910000113305,stock_fallback,v2_stock_search_fallback,254.19140625
scaling,fake_sherbrooke,24,medium50,94001,2,138,1789,1789,1789,1550,529,529,529,142,1.3106756999914069,1.2570115000125952,2.9832216999930097,stock_fallback,v2_stock_search_fallback,254.19140625
scaling,fake_sherbrooke,24,medium50,94002,1,138,823,823,823,789,266,266,266,74,1.141766299988376,1.1409716999914963,2.6720413000002736,stock_fallback,v2_stock_search_fallback,254.19140625
scaling,fake_sherbrooke,24,medium50,94002,2,138,1749,1330,1330,1572,522,369,369,144,0.6178931000031298,0.698493400006555,3.0593344000080833,routed,v2_rust_layout_tournament,254.19140625
scaling,fake_sherbrooke,24,dense75,94000,1,207,1039,1039,728,744,329,329,68,68,1.1677980999957072,1.4144171999942046,2.7829364000062924,stock_fallback,v2_rust_dense_line_search,254.19140625
scaling,fake_sherbrooke,24,dense75,94000,2,207,2302,2302,1521,1541,634,634,142,142,1.3121957999974256,1.6740937000140548,3.475801799999317,stock_fallback,v2_rust_dense_line_search,254.19140625
scaling,fake_sherbrooke,24,dense75,94001,1,207,1085,1085,766,811,371,371,75,72,1.1615548999980092,1.5155377000046428,2.7272798999911174,stock_fallback,v2_rust_dense_line_search,254.19140625
scaling,fake_sherbrooke,24,dense75,94001,2,207,2341,2341,1464,1608,561,561,140,146,1.3238696000044001,1.6797930999891832,3.3938474000024144,stock_fallback,v2_rust_dense_line_search,254.19140625
scaling,fake_sherbrooke,24,dense75,94002,1,207,1116,1116,785,809,400,400,74,74,1.167180799995549,1.4283103999914601,2.723167199990712,stock_fallback,v2_rust_dense_line_search,254.19140625
scaling,fake_sherbrooke,24,dense75,94002,2,207,2167,2167,1552,1598,633,633,140,144,1.3831710999947973,1.7893508999841288,3.37830959999701,stock_fallback,v2_rust_dense_line_search,254.19140625
