snapshot,logical_qubits,family,graph_id,layers,frozen_2q,next_2q,frozen_depth,next_depth,frozen_seconds,next_seconds,next_route_mode,route_check,mapping_check,peak_rss_mib
fake_brisbane,64,medium50,103600,1,5635,5635,187,187,1.7424821000022348,1.223031900008209,v2_rust_medium_line_seed11,passed,passed,303.7421875
fake_brisbane,64,medium50,103600,2,10950,10950,366,366,3.3685400999966078,1.9214101000106893,v2_rust_medium_line_seed11,passed,passed,473.0703125
fake_brisbane,64,medium50,103601,1,5615,5615,185,185,1.6124105000053532,1.3025570999889169,v2_rust_medium_line_seed11,passed,passed,473.0703125
fake_brisbane,64,medium50,103601,2,10936,10936,364,364,3.3178936999756843,2.022135499952128,v2_rust_medium_line_seed11,passed,passed,514.05859375
fake_brisbane,64,medium50,103602,1,5551,5551,182,182,1.8254519999900367,1.175820099975681,v2_rust_medium_line_seed11,passed,passed,514.05859375
fake_brisbane,64,medium50,103602,2,11452,11012,372,364,3.4599244999990333,2.0644244000141043,v2_rust_medium_line_seed17,passed,passed,514.05859375
fake_brisbane,64,medium50,103603,1,5631,5631,187,187,1.7695645000203513,1.1850187999662012,v2_rust_medium_line_seed11,passed,passed,514.05859375
fake_brisbane,64,medium50,103603,2,11042,11042,366,366,3.593278200045461,2.0866191000386607,v2_rust_medium_line_seed11,passed,passed,514.05859375
fake_brisbane,64,medium50,103604,1,5623,5555,185,182,1.8175509999855421,1.2369595000054687,v2_rust_medium_line_seed13,passed,passed,514.05859375
fake_brisbane,64,medium50,103604,2,10970,10970,364,364,3.518708499992499,2.077927699981956,v2_rust_medium_line_seed11,passed,passed,514.05859375
fake_brisbane,64,dense75,103600,1,5858,5858,195,195,1.993275300017558,0.9382441000198014,v2_rust_dense_line_seed11,passed,passed,514.05859375
fake_brisbane,64,dense75,103600,2,11466,11466,380,380,3.913627500005532,1.8665060000203084,v2_rust_dense_line_seed11,passed,passed,543.46484375
fake_brisbane,64,dense75,103601,1,5840,5840,191,191,2.0234039000060875,0.9196188999922015,v2_rust_dense_line_seed11,passed,passed,543.46484375
fake_brisbane,64,dense75,103601,2,11466,11466,380,380,3.9076341000036336,1.8745710999937728,v2_rust_dense_line_seed11,passed,passed,543.46484375
fake_brisbane,64,dense75,103602,1,5862,5862,195,195,2.0113607999810483,0.9367534999910276,v2_rust_dense_line_seed11,passed,passed,543.46484375
fake_brisbane,64,dense75,103602,2,11500,11500,380,380,3.9530540000123437,1.6798017999972217,v2_rust_dense_line_seed11,passed,passed,543.46484375
fake_brisbane,64,dense75,103603,1,5840,5840,195,195,2.051192599989008,1.0868384999921545,v2_rust_dense_line_seed11,passed,passed,543.46484375
fake_brisbane,64,dense75,103603,2,11482,11482,384,384,3.860921099985717,1.98764140001731,v2_rust_dense_line_seed11,passed,passed,565.1796875
fake_brisbane,64,dense75,103604,1,5852,5852,193,193,2.071617100009462,0.9190738000033889,v2_rust_dense_line_seed11,passed,passed,565.1796875
fake_brisbane,64,dense75,103604,2,11492,11492,382,382,3.737273099977756,1.9171303999901284,v2_rust_dense_line_seed11,passed,passed,565.1796875
fake_kyiv,64,medium50,103600,1,5635,5635,187,187,1.9263104000128806,1.3722044000169262,v2_rust_medium_line_seed11,passed,passed,565.1796875
fake_kyiv,64,medium50,103600,2,10950,10950,366,366,3.4698327999794856,2.1281066999945324,v2_rust_medium_line_seed11,passed,passed,565.1796875
fake_kyiv,64,medium50,103601,1,5615,5615,185,185,2.0270764000015333,1.3877521999820601,v2_rust_medium_line_seed11,passed,passed,565.1796875
fake_kyiv,64,medium50,103601,2,10956,10956,364,364,3.49254370003473,2.1772825000225566,v2_rust_medium_line_seed11,passed,passed,565.1796875
fake_kyiv,64,medium50,103602,1,5631,5545,183,184,1.9010846000164747,1.3867383000033442,v2_rust_medium_line_seed13,passed,passed,565.1796875
fake_kyiv,64,medium50,103602,2,11452,11012,372,364,3.7696386000025086,1.953609599993797,v2_rust_medium_line_seed17,passed,passed,565.1796875
fake_kyiv,64,medium50,103603,1,5631,5631,187,187,1.9536685000057332,1.232158500002697,v2_rust_medium_line_seed11,passed,passed,565.1796875
fake_kyiv,64,medium50,103603,2,11042,11042,366,366,3.683927300007781,2.192363399983151,v2_rust_medium_line_seed11,passed,passed,565.1796875
fake_kyiv,64,medium50,103604,1,5623,5555,185,182,1.9592416000377852,1.195313400006853,v2_rust_medium_line_seed13,passed,passed,565.1796875
fake_kyiv,64,medium50,103604,2,10970,10970,364,364,3.8628733000077773,2.1296785000013188,v2_rust_medium_line_seed11,passed,passed,565.1796875
fake_kyiv,64,dense75,103600,1,5858,5858,195,195,2.1099609000084456,0.9330397000303492,v2_rust_dense_line_seed11,passed,passed,565.1796875
fake_kyiv,64,dense75,103600,2,11466,11466,380,380,4.013855199998943,1.9505433999875095,v2_rust_dense_line_seed11,passed,passed,565.1796875
fake_kyiv,64,dense75,103601,1,5840,5840,191,191,2.1927803000144195,1.0581732999999076,v2_rust_dense_line_seed11,passed,passed,565.1796875
fake_kyiv,64,dense75,103601,2,11466,11466,380,380,4.019728199986275,1.9505305999773555,v2_rust_dense_line_seed11,passed,passed,565.1796875
fake_kyiv,64,dense75,103602,1,5862,5862,195,195,2.0947315999947023,0.95445339998696,v2_rust_dense_line_seed11,passed,passed,565.1796875
fake_kyiv,64,dense75,103602,2,11500,11500,380,380,4.203711200039834,2.046391500014579,v2_rust_dense_line_seed11,passed,passed,565.1796875
fake_kyiv,64,dense75,103603,1,5840,5840,195,195,1.9589228999975603,1.1528455000079703,v2_rust_dense_line_seed11,passed,passed,565.1796875
fake_kyiv,64,dense75,103603,2,11482,11482,384,384,4.1903543999942485,1.9933423000038601,v2_rust_dense_line_seed11,passed,passed,565.1796875
fake_kyiv,64,dense75,103604,1,5852,5852,193,193,1.8814219000050798,1.098590299981879,v2_rust_dense_line_seed11,passed,passed,565.1796875
fake_kyiv,64,dense75,103604,2,11492,11492,382,382,3.905888600012986,1.8980952000129037,v2_rust_dense_line_seed11,passed,passed,565.1796875
fake_sherbrooke,64,medium50,103600,1,5635,5635,187,187,1.864840299997013,1.3404612000158522,v2_rust_medium_line_seed11,passed,passed,565.1796875
fake_sherbrooke,64,medium50,103600,2,10950,10950,366,366,3.506804500008002,2.1111473999917507,v2_rust_medium_line_seed11,passed,passed,565.1796875
fake_sherbrooke,64,medium50,103601,1,5615,5615,185,185,1.700682800001232,1.358110100030899,v2_rust_medium_line_seed11,passed,passed,565.1796875
fake_sherbrooke,64,medium50,103601,2,10936,10936,364,364,3.4731188000005204,2.156690800009528,v2_rust_medium_line_seed11,passed,passed,565.1796875
fake_sherbrooke,64,medium50,103602,1,5551,5551,182,182,2.012712800031295,1.1979207000113092,v2_rust_medium_line_seed11,passed,passed,565.1796875
fake_sherbrooke,64,medium50,103602,2,10962,10962,364,364,3.6572105000086594,2.1133110000228044,v2_rust_medium_line_seed11,passed,passed,565.1796875
fake_sherbrooke,64,medium50,103603,1,5631,5631,187,187,1.8373331000038888,1.1629476000089198,v2_rust_medium_line_seed11,passed,passed,565.1796875
fake_sherbrooke,64,medium50,103603,2,11042,11042,366,366,3.57550119998632,2.0957959000079427,v2_rust_medium_line_seed11,passed,passed,565.1796875
fake_sherbrooke,64,medium50,103604,1,5623,5555,185,182,1.8301977000082843,1.1953433000307996,v2_rust_medium_line_seed13,passed,passed,565.1796875
fake_sherbrooke,64,medium50,103604,2,10970,10970,364,364,3.6182430000044405,2.1432786000077613,v2_rust_medium_line_seed11,passed,passed,565.1796875
fake_sherbrooke,64,dense75,103600,1,5858,5858,195,195,2.08403059997363,0.950654799991753,v2_rust_dense_line_seed11,passed,passed,565.1796875
fake_sherbrooke,64,dense75,103600,2,11466,11466,380,380,3.978195000003325,1.9120521000004373,v2_rust_dense_line_seed11,passed,passed,565.1796875
fake_sherbrooke,64,dense75,103601,1,5840,5840,191,191,2.0401525999768637,0.9420553999952972,v2_rust_dense_line_seed11,passed,passed,565.1796875
fake_sherbrooke,64,dense75,103601,2,11466,11466,380,380,4.177619199996116,1.9686283999762964,v2_rust_dense_line_seed11,passed,passed,565.1796875
fake_sherbrooke,64,dense75,103602,1,5862,5862,195,195,2.2064538999984507,1.030821200023638,v2_rust_dense_line_seed11,passed,passed,565.1796875
fake_sherbrooke,64,dense75,103602,2,11500,11500,380,380,4.26877379999496,2.1347295999876224,v2_rust_dense_line_seed11,passed,passed,565.1796875
fake_sherbrooke,64,dense75,103603,1,5840,5840,195,195,2.087657099997159,0.9511482999951113,v2_rust_dense_line_seed11,passed,passed,565.1796875
fake_sherbrooke,64,dense75,103603,2,11482,11482,384,384,4.115891199995531,1.9260960000101477,v2_rust_dense_line_seed11,passed,passed,565.1796875
fake_sherbrooke,64,dense75,103604,1,5852,5852,193,193,2.0175140000064857,0.930143700010376,v2_rust_dense_line_seed11,passed,passed,565.1796875
fake_sherbrooke,64,dense75,103604,2,11492,11492,382,382,4.005832000024384,1.9162212000228465,v2_rust_dense_line_seed11,passed,passed,565.1796875
