snapshot,graph_id,layers,edges,stock_2q,old_2q,new_2q,commuting_2q,stock_depth,old_depth,new_depth,commuting_depth,stock_seconds,old_seconds,new_seconds,commuting_seconds,old_mode,new_mode,line_replay
fake_brisbane,99200,1,138,802,853,651,791,267,198,64,74,0.14406779999262653,0.6137000999879092,0.8885486999934074,2.9141597999841906,v2_rust_layout_tournament,v2_rust_medium24_line_search,passed
fake_brisbane,99200,2,138,1761,1761,1438,1572,534,534,138,144,0.281717200006824,1.4142401999852154,1.9718779000104405,3.2261582000064664,v2_stock_search_fallback,v2_rust_medium24_line_search,passed
fake_brisbane,99201,1,138,857,857,683,657,280,280,67,62,0.12934869999298826,1.1460909000015818,1.5878707999945618,2.608116700022947,v2_stock_search_fallback,v2_rust_medium24_line_search,passed
fake_brisbane,99201,2,138,1738,1738,1260,1444,438,438,130,136,0.2349726999818813,1.3166393999999855,1.5571446999965701,3.1097527999954764,v2_stock_search_fallback,v2_rust_medium24_line_search,passed
fake_brisbane,99202,1,138,856,856,679,787,285,285,63,70,0.1071354000014253,1.1434267000004184,1.3836331999918912,2.622165100008715,v2_stock_search_fallback,v2_rust_medium24_line_search,passed
fake_brisbane,99202,2,138,1783,1783,1282,1570,486,486,122,140,0.19818710000254214,1.246934200025862,1.6704048000101466,3.0524304999853484,v2_stock_search_fallback,v2_rust_medium24_line_search,passed
fake_brisbane,99203,1,138,830,870,685,657,271,201,65,60,0.10390749998623505,0.5044726000051014,0.8908638999855611,2.71950979999383,v2_rust_layout_tournament,v2_rust_medium24_line_search,passed
fake_brisbane,99203,2,138,1756,1756,1282,1448,495,495,124,130,0.18340359997819178,1.2479726000165101,1.6336274999775924,3.297796200000448,v2_stock_search_fallback,v2_rust_medium24_line_search,passed
fake_brisbane,99204,1,138,812,812,647,665,251,251,60,60,0.11146059999009594,1.1381451000052039,1.3840801999904215,3.5746862000087276,v2_stock_search_fallback,v2_rust_medium24_line_search,passed
fake_brisbane,99204,2,138,1790,1519,1430,1454,526,407,134,134,0.2806396000087261,0.7912975999934133,1.376086199976271,4.048332499980461,v2_rust_layout_tournament,v2_rust_medium24_line_search,passed
fake_brisbane,99205,1,138,791,776,689,653,267,180,67,60,0.09803600001032464,0.4002184999990277,0.8186849000048824,3.574492299987469,v2_rust_layout_tournament,v2_rust_medium24_line_search,passed
fake_brisbane,99205,2,138,1731,1731,1274,1438,487,487,126,134,0.20369890000438318,1.308594100002665,1.5424137999943923,4.068307599984109,v2_stock_search_fallback,v2_rust_medium24_line_search,passed
fake_brisbane,99206,1,138,814,759,691,657,302,235,65,60,0.10905039997305721,0.37725119999959134,0.6977888999972492,3.1962759000016376,v2_rust_layout_tournament,v2_rust_medium24_line_search,passed
fake_brisbane,99206,2,138,1691,1691,1296,1438,501,501,128,130,0.19124489999376237,1.2393221999809612,1.6038062000006903,3.578640300023835,v2_stock_search_fallback,v2_rust_medium24_line_search,passed
fake_brisbane,99207,1,138,824,761,683,669,272,180,63,62,0.17230340000241995,0.41421650000847876,0.744386599981226,2.605298899987247,v2_rust_layout_tournament,v2_rust_medium24_line_search,passed
fake_brisbane,99207,2,138,1748,1748,1282,1450,471,471,122,136,0.2739335999940522,1.252724699996179,1.603780299978098,3.107443000015337,v2_stock_search_fallback,v2_rust_medium24_line_search,passed
fake_brisbane,99208,1,138,818,818,683,659,255,255,65,60,0.10494550000294112,1.127437600021949,1.4329416000109632,2.569706700014649,v2_stock_search_fallback,v2_rust_medium24_line_search,passed
fake_brisbane,99208,2,138,1840,1432,1274,1432,534,314,128,130,0.20418380000046454,0.7247417000180576,1.168628900020849,3.1700776000216138,v2_rust_layout_tournament,v2_rust_medium24_line_search,passed
fake_brisbane,99209,1,138,822,822,649,651,293,293,64,58,0.11550260000512935,1.1520363000163343,1.3648523000010755,3.220902000000933,v2_stock_search_fallback,v2_rust_medium24_line_search,passed
fake_brisbane,99209,2,138,1804,1452,1420,1434,473,353,134,128,0.2170408999954816,0.7413766999961808,1.3670491999946535,3.665188799990574,v2_rust_layout_tournament,v2_rust_medium24_line_search,passed
fake_kyiv,99200,1,138,802,873,651,791,267,204,64,74,0.10234000001219101,0.5309764000121504,0.8761052000045311,2.559080200007884,v2_rust_layout_tournament,v2_rust_medium24_line_search,passed
fake_kyiv,99200,2,138,1761,1392,1430,1572,534,360,134,144,0.2052010000043083,0.6851962000073399,1.3058240999816917,2.9925365000090096,v2_rust_layout_tournament,v2_rust_medium24_line_search,passed
fake_kyiv,99201,1,138,857,857,683,657,280,280,67,62,0.12520730000687763,1.2242525999899954,1.3950535000185482,2.6127091999806,v2_stock_search_fallback,v2_rust_medium24_line_search,passed
fake_kyiv,99201,2,138,1738,1738,1260,1444,438,438,130,136,0.217165300011402,1.3196460000181105,1.602072700014105,3.1217660999973305,v2_stock_search_fallback,v2_rust_medium24_line_search,passed
fake_kyiv,99202,1,138,856,713,679,787,285,194,63,70,0.10758689997601323,0.46976880001602694,0.7923890999809373,2.5872357999905944,v2_rust_layout_tournament,v2_rust_medium24_line_search,passed
fake_kyiv,99202,2,138,1783,1783,1282,1570,486,486,122,140,0.21158980001928285,1.2640201000031084,1.639343299990287,3.054815100011183,v2_stock_search_fallback,v2_rust_medium24_line_search,passed
fake_kyiv,99203,1,138,830,850,685,657,271,228,65,60,0.1163554000086151,0.5615603000042029,0.8231911000038963,2.7418667000019923,v2_rust_layout_tournament,v2_rust_medium24_line_search,passed
fake_kyiv,99203,2,138,1756,1756,1282,1448,495,495,124,130,0.2420779000094626,1.2519067999965046,1.5603678999759723,3.3108657999837305,v2_stock_search_fallback,v2_rust_medium24_line_search,passed
fake_kyiv,99204,1,138,812,812,647,665,251,251,60,60,0.10563119998550974,1.1412459000130184,1.4551017000048887,3.623974099988118,v2_stock_search_fallback,v2_rust_medium24_line_search,passed
fake_kyiv,99204,2,138,1790,1790,1430,1454,526,526,134,134,0.21140800000284798,1.24951960000908,1.6692280000133906,4.156466399988858,v2_stock_search_fallback,v2_rust_medium24_line_search,passed
fake_kyiv,99205,1,138,791,773,689,653,267,184,67,60,0.09670039999764413,0.40103549999184906,0.7352178000146523,3.669292799982941,v2_rust_layout_tournament,v2_rust_medium24_line_search,passed
fake_kyiv,99205,2,138,1731,1731,1274,1438,487,487,126,134,0.20097179998992942,1.2551652000111062,1.565742099977797,4.036139300005743,v2_stock_search_fallback,v2_rust_medium24_line_search,passed
fake_kyiv,99206,1,138,814,743,691,657,302,181,65,60,0.10495459998492151,0.37143259998993017,0.786559500003932,3.1376911000115797,v2_rust_layout_tournament,v2_rust_medium24_line_search,passed
fake_kyiv,99206,2,138,1691,1691,1296,1438,501,501,128,130,0.19532210001489148,1.2538335999997798,1.667601699999068,3.6370669000025373,v2_stock_search_fallback,v2_rust_medium24_line_search,passed
fake_kyiv,99207,1,138,824,764,683,669,272,194,63,62,0.17708890000358224,0.40714419999858364,0.7495950000011362,2.7044941000058316,v2_rust_layout_tournament,v2_rust_medium24_line_search,passed
fake_kyiv,99207,2,138,1748,1748,1282,1450,471,471,122,136,0.1990358000039123,1.2544522999960463,1.7619769999873824,3.138125099998433,v2_stock_search_fallback,v2_rust_medium24_line_search,passed
fake_kyiv,99208,1,138,818,818,683,659,255,255,65,60,0.11195940000470728,1.1439332000154536,1.4562914000125602,2.5928436999965925,v2_stock_search_fallback,v2_rust_medium24_line_search,passed
fake_kyiv,99208,2,138,1840,1432,1274,1432,534,314,128,130,0.20121660002041608,0.7445126999809872,1.1802092000143602,3.0628443000023253,v2_rust_layout_tournament,v2_rust_medium24_line_search,passed
fake_kyiv,99209,1,138,822,822,649,651,293,293,64,58,0.10596600000280887,1.1347779000061564,1.3729667000006884,3.1943902999919374,v2_stock_search_fallback,v2_rust_medium24_line_search,passed
fake_kyiv,99209,2,138,1804,1436,1420,1434,473,391,134,128,0.20443800001521595,0.7531116000027396,1.3595806000230368,3.641002300020773,v2_rust_layout_tournament,v2_rust_medium24_line_search,passed
fake_sherbrooke,99200,1,138,802,852,651,791,267,184,64,74,0.10374960000626743,0.5262034999905154,0.8519210999947973,2.5788483999785967,v2_rust_layout_tournament,v2_rust_medium24_line_search,passed
fake_sherbrooke,99200,2,138,1761,1370,1430,1572,534,340,134,144,0.2134799000050407,0.6629281000059564,1.2381335999816656,3.0173038999782875,v2_rust_layout_tournament,v2_rust_medium24_line_search,passed
fake_sherbrooke,99201,1,138,857,857,683,657,280,280,67,62,0.19088369997916743,1.1391542000055779,1.3909077999996953,2.5657072000030894,v2_stock_search_fallback,v2_rust_medium24_line_search,passed
fake_sherbrooke,99201,2,138,1738,1738,1260,1444,438,438,130,136,0.25355710001895204,1.2511157999979332,1.562298600008944,3.102658599993447,v2_stock_search_fallback,v2_rust_medium24_line_search,passed
fake_sherbrooke,99202,1,138,856,716,679,787,285,205,63,70,0.10748649999732152,0.3784843999892473,0.7867758999927901,2.49324899999192,v2_rust_layout_tournament,v2_rust_medium24_line_search,passed
fake_sherbrooke,99202,2,138,1783,1783,1282,1570,486,486,122,140,0.19767719999072142,1.313231900014216,1.5790657999750692,3.0188848999969196,v2_stock_search_fallback,v2_rust_medium24_line_search,passed
fake_sherbrooke,99203,1,138,830,759,685,657,271,193,65,60,0.12354380000033416,0.4180108000000473,0.7926066999789327,2.823062499985099,v2_rust_layout_tournament,v2_rust_medium24_line_search,passed
fake_sherbrooke,99203,2,138,1756,1756,1282,1448,495,495,124,130,0.21984720000182278,1.2794055999838747,1.6230234999966342,3.198180700012017,v2_stock_search_fallback,v2_rust_medium24_line_search,passed
fake_sherbrooke,99204,1,138,812,812,647,665,251,251,60,60,0.11511220000102185,1.1410575000045355,1.4487203999888152,3.602417799993418,v2_stock_search_fallback,v2_rust_medium24_line_search,passed
fake_sherbrooke,99204,2,138,1790,1790,1430,1454,526,526,134,134,0.19531589999678545,1.3159932999988087,1.624927299999399,4.129456499998923,v2_stock_search_fallback,v2_rust_medium24_line_search,passed
fake_sherbrooke,99205,1,138,791,762,689,653,267,186,67,60,0.09540250001009554,0.3779209000058472,0.7520703000191133,3.686034899990773,v2_rust_layout_tournament,v2_rust_medium24_line_search,passed
fake_sherbrooke,99205,2,138,1731,1731,1274,1438,487,487,126,134,0.17817859997740015,1.2436502000200562,1.613089200021932,4.088251100009074,v2_stock_search_fallback,v2_rust_medium24_line_search,passed
fake_sherbrooke,99206,1,138,814,749,691,657,302,201,65,60,0.10702299998956732,0.42534640000667423,0.8012597999768332,3.172972200001823,v2_rust_layout_tournament,v2_rust_medium24_line_search,passed
fake_sherbrooke,99206,2,138,1691,1609,1296,1438,501,388,128,130,0.18759379998664372,0.9233894000062719,1.3352109999977984,3.6754786999954376,v2_rust_layout_tournament,v2_rust_medium24_line_search,passed
fake_sherbrooke,99207,1,138,824,824,683,669,272,272,63,62,0.10553189998609014,1.1446958000015002,1.3603514000133146,2.672768400021596,v2_stock_search_fallback,v2_rust_medium24_line_search,passed
fake_sherbrooke,99207,2,138,1748,1333,1430,1450,471,312,134,136,0.19938629999523982,0.6342126999807078,1.2476622000103816,3.12451520000468,v2_rust_layout_tournament,v2_rust_medium24_line_search,passed
fake_sherbrooke,99208,1,138,818,818,683,659,255,255,65,60,0.11609659998794086,1.1424624999926891,1.4278263000014704,2.6304181000159588,v2_stock_search_fallback,v2_rust_medium24_line_search,passed
fake_sherbrooke,99208,2,138,1840,1387,1274,1432,534,343,128,130,0.19753020000644028,0.717697699990822,1.1938688000082038,3.144886399997631,v2_rust_layout_tournament,v2_rust_medium24_line_search,passed
fake_sherbrooke,99209,1,138,822,822,649,651,293,293,64,58,0.10284150001825765,1.138581500010332,1.381496399990283,3.1881154000002425,v2_stock_search_fallback,v2_rust_medium24_line_search,passed
fake_sherbrooke,99209,2,138,1804,1804,1420,1434,473,473,134,128,0.20717179999337532,1.2763100999873132,1.7620824000041466,3.6383216999820434,v2_stock_search_fallback,v2_rust_medium24_line_search,passed
